id,code,name,is_active
br_1768096176368_mzof40,BK1002,PATTAYA ROYAL GARDEN,1
br_1768096176384_ahzmqe,BK1012,THONG LOR,1
br_1768096176389_6xyv3h,BK1016,JUNGCEYLON PHUKET,1
br_1768096176393_hypupx,BK1021,NANA SQUARE,1
br_1768096176396_33fzyy,BK1026,BAAN CHART,1
br_1768096176399_ymqbi9,BK1028,THAPAE CHIANGMAI,1
br_1768096176402_tg6xjv,BK1029,MOTORWAY OUTBOUND,1
br_1768096176406_cg91py,BK1034,MBK 2,1
br_1768096176410_5u2yep,BK1035,MOTORWAY INBOUND,1
br_1768096176412_449umc,BK1037,BANGCHAK RAMINTRA KM 6.5 (DT),1
br_1768096176415_0ykiyz,BK1039,REST AREA PRACHACHUEN,1
br_1768096176418_muzvji,BK1040,GRAND DIAMOND,1
br_1768096176421_7obc0f,BK1041,BANGCHAK RANGSIT OB (DT),1
br_1768096176424_5oj5im,BK1044,RIVERSIDE PLAZA,1
br_1768096176426_uvc688,BK1045,BANGCHAK WANGNOI OB (DT),1
br_1768096176429_mqkzer,BK1047,THE BRIGHT RAMA 2,1
br_1768096176433_4xhjwp,BK1048,BANGCHAK PATTANAKARN 27 (DT),1
br_1768096176437_dudmo4,BK1050,THE STREET RATCHADA,1
br_1768096176441_dnx6hb,BK1053,SHELL CHANGWATTANA OB (DT),1
br_1768096176444_6vzjj3,BK1054,CALTEX PRACHANUKUN (DT),1
br_1768096176446_z4ykcx,BK1055,BANGCHAK SOUTH PATTAYA IB (DT),1
br_1768096176448_yus3sp,BK1056,ESSO RAMA 2 KM 35 IB (DT),1
br_1768096176451_e6rsaj,BK1057,PTT BANGNA EXPRESSWAY OB (DT),1
br_1768096176454_sv6u34,BK1058,SHELL CHACHENGSAO (DT),1
br_1768096176457_gfjuuz,BK1061,SHELL KANCHANAPISEK KM.28 (DT),1
br_1768096176459_ywmri8,BK1063,SHELL MONTFORT CHIANGMAI (DT),1
br_1768096176462_tmpybv,BK1065,BANGCHAK KANCHANAPISEK (DT),1
br_1768096176466_196720,BK1066,PATTAYA KLANG,1
br_1768096176469_mpwzo2,BK1067,IMPACT MUANGTHONG,1
br_1768096176471_0bmwxy,BK1069,ESSO RAMA 2 KM 25 OB (DT),1
br_1768096176473_p5b0xb,BK1070,SHELL RATCHAPRUK OB (DT),1
br_1768096176476_ctpb9o,BK1071,BANGCHAK HANGDONG CHIANGMAI OB (DT),1
br_1768096176477_zwiuc3,BK1072,BANGCHAK PHAHOLYOTHIN KM25 IB (DT),1
br_1768096176479_1y17av,BK1073,PTT SARABURI KM 100 IB (DT),1
br_1768096176481_s5do4q,BK1075,MONTIEN SURAWONG,1
br_1768096176483_kb17n0,BK1076,BANGCHAK BANGKAE OB (DT),1
br_1768096176486_8v0h6w,BK1077,PHUKET AIRPORT 3RD FL. AIRSIDE,1
br_1768096176487_qqebs0,BK1080,PTT PRANOK KANCHANAPISEK OB (DT),1
br_1768096176489_kkztcj,BK1081,PATONG BANGLA PHUKET,1
br_1768096176491_by3x72,BK1082,BANGCHAK SARABURI KM 94 OB (DT),1
br_1768096176493_vkpvlq,BK1085,BANGCHAK SRIRACHA OB (DT),1
br_1768096176495_tcvnck,BK1086,BANGCHAK PHETBURI ROAD IB (DT),1
br_1768096176497_uccupk,BK1087,REST AREA BANGNA IB,1
br_1768096176498_n5rinx,BK1088,PTT MABKHA RAYONG IB (DT),1
br_1768096176500_jrj3v4,BK1089,LADPRAO120 (DT),1
br_1768096176502_lhac9u,BK1092,PTT SUWINTHAWONG IB (DT),1
br_1768096176504_uiefbn,BK1093,PTT LAMPHAYA 3 IB (DT),1
br_1768096176505_2sn4z7,BK1094,SHELL CHAOFAH WEST PHUKET,1
br_1768096176508_nqmt4b,BK1096,AO NANG KRABI,1
br_1768096176510_hxz7zy,BK1097,PTT PRANOK KANCHANAPISEK IB (DT),1
br_1768096176511_az6w6k,BK1098,BANGCHAK CHONBURI BY PASS OB,1
br_1768096176514_anojj8,BK1200,PTT PETRA,1
br_1768096176516_maxbzb,BK1202,S15 SUKHUMVIT,1
br_1768096176517_ra9078,BK1206,SUKHUMVIT 52 IB (DT),1
br_1768096176519_svviq9,BK1208,CP TOWER,1
br_1768096176521_saim5e,BK1211,PTT THE DEAL CHAENGWATTANA,1
br_1768096176522_iv4t0d,BK1212,SHELL WESTGATE (DT),1
br_1768096176524_fabt9a,BK1213,CALTEX RANGSIT KLONG 3,1
br_1768096176526_oxdyep,BK1214,BANGKOK HOSPITAL,1
br_1768096176528_x5p6i8,BK1215,PORTO GO BANG PA-IN OB (DT),1
br_1768096176530_97lmj4,BK1216,PTT MAE RIM CHIANGMAI,1
br_1768096176532_qlubx9,BK1217,PRACHAUTHIT 45,1
br_1768096176533_gq8als,BK1218,PTT WANGMANAO,1
br_1768096176535_4ukejv,BK1219,PTT KRUNGTHEPKRITHA OB,1
br_1768096176537_qckh4x,BK1220,JAS GREEN VILLAGE KHUBON,1
br_1768096176539_zh1jyw,BK1221,CALTEX NGAMWONGWAN (DT),1
br_1768096176541_1nxsz0,BK1222,SAI MAI MALL,1
br_1768096176542_snywbv,BK1224,THE FOURTH PUTTHAMONTHON SAI 4,1
br_1768096176544_jxyw4x,BK1225,RATCHADA (DT),1
br_1768096176546_dlyw15,BK1226,QSNCC,1
br_1768096176548_n22eld,BK1227,HATYAI VILLAGE (DT),1
br_1768096176550_iv4xrn,BK1229,LITTLE WALK LADKRABANG,1
br_1768096176552_pjfbnv,BK1233,JOMTIEN BEACH PATTAYA,1
br_1768096176554_ih9ze5,BK1234,TURTLE VILLAGE,1
br_1768096176556_htcrcb,BK415134,S SQUARE PINKLAO (DT),1
