id,report_date,report_by,work_shift,daily_target,actual_sales,transaction_count,mtd_target,mtd_actual,mtd_tc,dine_in,dine_in_tc,take_away,take_away_tc,grabfood,lineman,shopee,bkapp,osat,survey_count,void_amount,void_count,add_cheese_count,add_cheese_percent,v_meal_count,v_meal_percent,up_size_count,up_size_percent,waste_raw_daily,waste_raw_daily_percent,waste_meal_daily,waste_meal_daily_percent,waste_raw_mtd,waste_raw_mtd_percent,waste_meal_mtd,waste_meal_mtd_percent,col_percent,labor_hour,tcmh,manager_roster_date,manager_roster_text,staff_roster_text,created_at,updated_at,sos_daily,sos_mtd,labor_cost,actual_hours,ot_hours,ot_mtd,recommend_hours,roster_commit,summary_hours,variance_hours,robin,gokoo,last_year_sales,forecast_sales,last_year_tc,target_tc,target_ta,close_shift_count,cash_deposit,sales_delivery,promotion_other1_qty,promotion_other2_qty,note_daily,note_mtd,note_in_store,note_delivery,note_performance,note_addons,store_id
229,2026-04-16,Ake,full,95000,93791,290,1520000,1411661,4652,34351,89,19417,54,33756,3591,2280,0,5,13,0,0,29,10.00,237,81.72,38,13.10,0,0,0.00,0,18439.91,0,2141.19,0,12.98,119.00,2.44,2026-04-17,"Phongsathon: 07:00-16:00
Nuttarika: Off
Boonyisa: 10:00-19:00
Chanon: 19:00-04:00
Washiraphan: Com","07:00-16:00 | Jane
07:00-16:00 | ,
07:00-16:00 | Meepooh
11:00-20:00 | Tawan
12:00-21:00 | Max
13:00-22:00 | Soup
13:00-22:00 | ,
13:00-22:00 | NeNe
15:00-00:00 | Tan
22:00-07:00 | Gang
22:00-07:00 | ,
22:00-07:00 | Ma
22:00-07:00 | ,
22:00-07:00 | Thep
22:00-07:00 | ,
22:00-07:00 | Leo",2026-04-02T21:48:13.200Z,2026-04-17T18:17:21.711Z,179,176,12175.00,119,0,30.00,112,88,119.00,119.00,0,0,99492,99492,0,0,0,0,0,39627,0,0,,,,,,,BK1040
230,2026-04-19,Chanon,full,95000,80672,276,1805000,1640424,5477,28310,91,18087,72,27260,4270,2109,208,5,13,1474,2,2,0.72,232,84.06,36,13.04,457.99,0,236.91,0,23359.949999999997,0,2706.26,0,13.79,96.00,2.88,2026-04-20,"Phongsathon: Train Product 
Nuttarika: 11:00-20:00
Suppawit: 13:00-22:00
Boonyisa: 10:00-19:00
Chanon: 22:00-07:00
Washiraphan: 13:00-22:00","07:00-16:00 | Typoon , Thep
10:00-19:00 | Nut
12:00-21:00 | Gang
13:00-22:00 | Max , C , Nene
22:00-07:00 | Sun , Mah , Soup",2026-04-02T21:48:13.201Z,2026-04-20T02:18:35.342Z,174,176,11125.00,96,0,31.00,112,88,96.00,8.00,0,259,83304,83304,0,0,0,2,0,0,0,0,,,,,,,BK1040
228,2026-04-18,Chanon ,full,95000,78772,292,1710000,1559752,5201,31768,104,55,11550,23039,8116,3627,672,5,13,178,1,4,1.37,227,77.74,38,13.01,1364.8,0,115.07,0,22901.960000000003,0,2469.35,0,16.79,136.00,2.15,2026-04-19,"Phongsathon: 07:00-16:00
Nuttarika: 10:00-19:00
Suppawit: OFF
Boonyisa: OFF
Chanon: 22:00-07:00
Washiraphan: 16:00-01:00","07:00-16:00 | Meepooh , Jane
10:00-19:00 | Tawan
12:00-21:00 | Moon
13:00-22:00 | Max , Nut Soup
22:00-07:00 | Mah Gang",2026-04-02T21:48:13.200Z,2026-04-19T00:11:00.162Z,142,177,13225.00,136,0,31.00,88,119,136.00,17.00,0,0,71996,71996,0,0,0,4,0,0,0,0,,,,,,,BK1040
225,2026-04-14,Ake,full,95000,105015,321,1330000,1218637,4070,42956,118,21323,77,26204,11746,574,1124,5,13,735,1,14,4.36,184,57.32,62,19.31,1093.04,0,190.28,0,17901.010000000002,0,1944.03,0,10.55,94.00,3.41,2026-04-15,"Phongsathon: 07:00-16:00
Nuttarika: 08:00-17:00
Suppawit: 22:00-07:00
Boonyisa: 13:00-22:00
Chanon: 22:00-07:00
Washiraphan: 10:00-19:00","07:00-16:00 | Jane Meepooh
08:00-17:00 | Peepo
09:00-18:00 | Fahrung
11:00-20:00 | Tawan
12:00-21:00 | Kittipong
13:00-22:00 | Typoon Moon Nanthana Rangorn
15:00-23:00 | Tan
22:00-07:00 | Thep Sun Gang",2026-04-02T21:48:13.195Z,2026-04-17T18:17:21.700Z,165,176,11075.00,94,0,30.00,105,88,94.00,6.00,0,860,98688,98688,0,0,0,3,0,40508,0,0,,,,,,,BK1040
226,2026-04-15,Ake,full,95000,99233,292,1425000,1317870,4362,36718,103,14137,54,35045,10092,1625,1616,5,13,0,0,18,6.16,249,85.27,43,14.73,736.06,0,197.16,0,18439.91,0,2141.19,0,12.07,112.00,2.61,2026-04-16,"Phongsathon: 07:00-16:00
Nuttarika: 10:00-19:00
Suppawit: 22:00-07:00
Boonyisa: 13:00-22:00
Chanon: 19:00-04:00
Washiraphan: OFF","07:00-16:00 | Jane , Meepooh
09:00-18:00 | Fahrung
11:00-20:00 | Tawan
12:00-21:00 | Max , Nut
13:00-22:00 | Soup , NeNe
15:00-00:00 | Typoon , Tan
22:00-07:00 | Gang , Sun , Thep , Leo",2026-04-02T21:48:13.197Z,2026-04-17T18:17:21.706Z,181,188,11975.00,112,0,30.00,112,88,112.00,24.00,0,0,89841,89841,0,0,0,3,0,48378,0,0,,,,,,,BK1040
186,2026-03-27,Ake,full,95000,155151,692,2565000,2240371,7775,0,0,0,0,0,0,0,0,0,0,0,0,0,0,0,0,0,0,851.03,0,0,0,18296.149999999998,0,1076.61,0,0.00,0.00,0.00,2026-03-25,,,2026-03-30T22:59:35.008Z,2026-03-31T01:01:12.691Z,0,0,6225.00,56,24,111.00,108,88,0.00,-88.00,0,0,2565000,2425805,0,0,224,0,0,0,0,0,,,,,,,BK1040
231,2026-04-20,Chanon,full,95000,75430,282,1900000,1715854,5759,31458,107,9963,64,23331,7207,1480,915,5,13,3093,8,6,2.13,184,65.25,42,14.89,0,0,0.00,0,23359.949999999997,0,2706.26,0,16.67,127.00,2.22,2026-04-21,"Phongsathon: 07:00-16:00
Nuttarika: 13:00-22:00
Boonyisa: 09:00-18:00
Chanon: 22:00-07:00
Washiraphan: 15:00-00:00","07:00-16:00 | Meepoh
07:00-16:00 | ,
07:00-16:00 | Jane
08:00-17:00 | Peepo
09:00-18:00 | Nut
11:00-20:00 | Max
12:00-21:00 | Gang
12:00-21:00 | ,
12:00-21:00 | Soup
13:00-22:00 | Moon
15:00-00:00 | Tan
22:00-07:00 | Leo
22:00-07:00 | ,
22:00-07:00 | Sun",2026-04-02T21:48:13.202Z,2026-04-20T23:40:18.617Z,175,176,12575.00,127,0,31.00,112,88,127.00,39.00,0,0,103882,103882,0,0,0,0,0,0,0,0,,,,,,,BK1040
190,2026-04-01,Ake,full,95000,77945,246,95000,77945,246,34309,100,13860,55,21409,5168,5168,587,5,5,465,1,3,1.22,206,83.74,17,6.91,1325.8300000000002,0,91.91,0,590.5500000000001,0,91.91,0,12.93,74.00,3.32,2026-04-02,"Phongsathon: 07:00-16:00
Nuttarika: 10:00-19:00
Suppawit: OFF
Boonyisa: 13:00-22:00
Chanon: 22:00-07:00
Washiraphan: OFF","07:00-16:00 | Jane
08:00-17:00 | C
11:00-20:00 | Nene
11:00-20:00 | Maxy
13:00-22:00 | Thep
16:00-23:00 | Typoon
22:00-07:00 | Tan
22:00-07:00 | Sun",2026-04-01T17:43:57.649Z,2026-04-17T18:17:21.480Z,3.00,3.00,10075.00,64,10,10.00,110,88,74.00,-14.00,0,0,91837,91837,0,0,0,3,0,32332,0,0,,,,,,,BK1040
242,2026-04-03,Ake,full,95000,81434,294,285000,246110,821,34556.72,127,17055.8,65,22068,3701,1713,1395,5,61,0,0,0,0.00,0,0.00,0,0.00,0,0,0.00,0,1999.5700000000002,0,315.37,0,12.19,72.00,4.08,2026-04-02,,,2026-04-02T21:48:13.212Z,2026-04-17T18:17:21.608Z,167,180,9925.00,72,0,16.50,110,88,72.00,-16.00,0,263,89998,89998,0,0,0,2,0,29140,0,0,,,,,,,BK1040
233,2026-04-21,Chanon,full,95000,86529,318,1995000,1802383,6077,26494,90,18268,81,21940,11478,4850,0,5,13,394,1,10,3.14,206,64.78,36,11.32,296.64,0,223.77,0,23656.59,0,2930.03,0,14.82,128.00,2.48,2026-04-21,"Phongsathon: 07:00-16:00
Nuttarika: OFF
Boonyisa: 08:00-17:00
Chanon: 22:00-07:00
Washiraphan: 15:00-00:00","07:00-16:00 | MeePoh , Jane
08:00-17:00 | Max Nut
11:00-20:00 | Moon
12:00-21:00 | Thep , Ganf
13:00-22:00 | Fah
15:00-00:00 | Tan
22:00-07:00 | Sun , Leo , Flame",2026-04-02T21:48:13.203Z,2026-04-21T20:46:30.907Z,182,178,12825.00,128,0,31.00,105,88,128.00,40.00,476,3.09,85053,85053,0,0,0,4,0,0,0,0,,,,,,,BK1040
67,2026-01-11,Ake,full,110000,97536,312,1150000,1254116,3954,45645,137,20109,67,22072,7882,1304,169,5,25,0,0,4,1.28,228,73.08,16,5.13,3536,0,170.00,0,18180.25,0,1659.56,0,5.74,112.00,2.79,2026-01-11,"Phongsathon: COM
Nuttarika: 22:00-07:00
Boonyisa: 07:00-16:00
Chanon: 13:00-22:00
Washiraphan: 22:00-07:00","07:00-16:00 | หมีพู เอ็ม
10:00-19:00 | กีต้าร์
13:00-22:00 | เก้ง พี่แทน
15:00-00:00 | ดิว ใต้ฝุ่น
22:00-07:00 | ีลีโอ เทพ",2026-01-15T19:54:30.584Z,2026-01-31T23:24:01.406Z,259,287,5600.00,70,3,0,109,88,112.00,16.00,0,0,0,0,0,0,0,0,0,0,0,0,,,,,,,BK1040
70,2026-01-14,Ake,full,110000,99925,307,1370000,1336369,4271,44662,133,16625,61,28932,7527,2176,0,5,25,557,1,9,2.93,249,81.11,26,8.47,1855.5499999999993,0,93.61,0,18351.91,0,1473.76,0,4.75,95.00,3.23,2026-01-15,"Phongsathon: 07:00-16:00
Nuttarika: 22:00-07:00
Boonyisa: OFF
Chanon: 09:00-18:00
Washiraphan: 19:00-04:00","07:00-16:00 | Keng Tan
12:00-21:00 | Thep
15:00-00:00 | Net
22:00-07:00 | Sun Leo",2026-01-15T21:05:47.963Z,2026-01-31T23:24:01.416Z,211,257,4750.00,52,3,0,110,88,95.00,7.00,0,0,0,0,0,0,0,0,0,0,0,0,,,,,,,BK1040
71,2026-01-15,Ake,full,110000,98620,309,3350000,2856285,9176,38072,112,17984,69,16714,5740,1383,578,5,25,1144,3,9,3.41,0,0.00,20,7.58,1977.96,0,119.71,0,59379.17,0,4144.71,0,5.37,106.00,2.49,2026-01-20,"Phongsathon: COM
Nuttarika: 07:00-16:00
Boonyisa: COM
Chanon: 22:00-07:00
Washiraphan: 13:00-22:00","07:00-16:00 | เทพ, แทน
13:00-22:00 | เน็ท
13:00-22:00 | อิงค์ฟ้า,",2026-01-15T21:42:05.939Z,2026-01-31T23:24:01.420Z,304,252,5300.00,55,11,0,112,88,66.00,66.00,0,0,0,0,0,0,0,0,0,0,0,0,,,,,,,BK1040
114,2026-02-06,Ake,full,100000,101474,335,600000,538556,1809,43950,0,21283,0,23427,10527,770,0,0,0,0,0,0,0.00,0,0.00,0,0.00,694,0,0,0,5079.08,0,300.70,0,5.91,80.00,4.19,,,,2026-02-14T19:11:31.084Z,2026-02-27T18:26:33.458Z,171,201,6000.00,78,2,0,112,88,80.00,80.00,0,0,92957,0,326,300,333,0,0,0,0,0,,,,,,,BK1040
115,2026-02-07,Ake,full,100000,106900,385,700000,645456,2194,48989,0,21770,0,23055,9827,3340,0,0,0,0,0,0,0.00,0,0.00,0,0.00,695,0,0.00,0,6976.88,0,0.00,0,10.69,103.00,3.74,2026-02-27,,,2026-02-14T19:14:13.678Z,2026-02-27T18:26:33.464Z,199,200,11425.00,102,1,10.00,114,88,103.00,103.00,0,0,101594,0,327,300,333,0,0,0,0,0,,,,,,,BK1040
125,2026-02-19,Ake,full,100000,97891,311,1900000,1714209,5518,42350,128,23731,74,18229,4954,777,0,5,12,0,0,2,0.64,218,70.10,14,4.50,806.78,0,0,0,17181.2,0,1212.13,0,6.54,88.00,3.53,2026-02-20,"Phongsathon: 07:00-16:00
Nuttarika: 11:00-20:00
Boonyisa: OFF
Chanon: 15:00-00:00
Washiraphan: 22:00-07:00",,2026-02-20T04:57:37.291Z,2026-02-27T18:26:33.525Z,186,201,6400.00,88,0,38.00,110,88,88.00,88.00,0,0,77160,0,273,300,333,0,0,0,0,0,,,,,,,BK1040
140,2026-02-26,Ake,full,100000,84458,316,2600000,2359976,7996,31999,37.89,15244,18.05,27983,6601,796,0,5,65,319,1,5,1.58,233,73.73,11,3.48,1055.48,0,0.00,0,28936.68,0,0.00,0,11.22,64.00,4.94,2026-02-27,,,2026-02-21T18:52:13.273Z,2026-02-27T19:04:52.267Z,165,200,9475.00,61,3,53.00,110,88,64.00,-24.00,0,199,109072,0,351,300,333,0,0,0,0,0,,,,,,,BK1040
176,2026-03-18,Ake,full,95000,92496,255,1805000,1631076,5610,35048,0,18132,0,21990,3980,919,1335,0,0,0,0,4,1.57,214,83.92,13,5.10,418.77,0,100.43,0,16179.96,0,529.02,0,9.30,0,5.48,,,,2026-03-18T17:12:32.218Z,2026-03-31T01:01:12.628Z,0,0,8600.00,37.5,9,60.00,110,88,46.50,-41.50,0,0,0,0,0,0,0,0,0,0,0,0,,,,,,,BK1040
238,2026-04-26,Ake,full,0,0,0,0,0,0,0,0,0,0,0,0,0,0,0,0,0,0,0,0,0,0,0,0,0,0,0,0,0,0,0,0,0,0,0,,,,2026-04-02T21:48:13.208Z,2026-04-17T18:17:21.764Z,0,0,0,0,0,0,0,0,0,0,0,0,96626,96626,0,0,0,0,0,0,0,0,,,,,,,BK1040
152,2026-03-03,Ake,full,104000,79200,278,312000,278480,948,39998,50.5,11455,14.46,19248,5468,1579,1083,5,0,0,0,4,1.44,220,79.14,12,4.32,737.97,0.932,0.00,0,2366.85,0,18.94,0,13.35,87.00,3.20,2026-03-05,"Phongsathon: OFF
Nuttarika: 07:00-16:00
Boonyisa: COM
Chanon: 22:00-07:00
Washiraphan: 13:00-22:00","07:00-16:00 | เก้ง
07:00-16:00 | เทพ
12:00-21:00 | อ๋อม
13:00-22:00 | พี่แทน
22:00-07:00 | ลีโอ
22:00-07:00 | ซัน",2026-03-03T01:12:16.887Z,2026-03-31T01:01:12.545Z,214,203,10575.00,87,0,2.00,0,88,87.00,87.00,0,369,0,0,0,400,300,0,0,0,0,0,,,,,,,BK1040
153,2026-03-04,Ake,full,95000,77073,286,407000,335113,1177,35237,118,11003,52,26690,2932,1211,0,5,21,0,0,12,4.20,226,79.02,13,4.55,712.28,0.924,0.00,0,2351.89,0,18.94,0,12.39,66.50,4.30,2026-03-05,"Phongsathon: OFF
Nuttarika: 07:00-16:00
Boonyisa: COM
Chanon: 22:00-07:00
Washiraphan: 13:00-22:00","07:00-16:00 | เน็ท
07:00-16:00 | เอ็ม
09:00-18:00 | เก้ง
11:00-20:00 | อ๋อม
13:00-22:00 | ดิว
15:00-22:00 | ฝุ่น
22:00-07:00 | แบงค์
22:00-07:00 | ซัน",2026-03-04T13:21:16.510Z,2026-03-31T01:01:12.551Z,115,191,9550.00,59.5,7,2.00,0,88,66.50,66.50,0,0,0,0,0,350,300,0,0,0,0,0,,,,,,,BK1040
166,2026-03-09,Ake,full,95000,80544,310,760000,739046,2494,36355,125,10826,56,28466,3832,752,0,5,21,39,1,16,5.16,246,79.35,13,4.19,482.26,0,31.62,0,6391.39,0,212.54,0,11.76,63.00,4.92,2026-03-09,,,2026-03-09T21:13:06.200Z,2026-03-31T01:01:12.575Z,197,182,9475.00,56,7,28.00,109,88,63.00,-25.00,0,333,0,0,0,0,300,2,26998,0,0,0,,,,,,,BK1040
170,2026-03-11,Ake,full,95000,84262,291,1045000,986879,3355,37806,0,13209,0,22180,4468,3082,2465,5,0,0,0,0,0,0,0,0,0,0,0,0.00,0,6810.41,0,244.16,0,9.70,39.00,7.46,2026-03-17,"Phongsathon: COM
Nuttarika: 22:00-07:00
Boonyisa: 07:00-16:00
Washiraphan: 13:00-22:00","07:00-16:00 | M
07:00-16:00 | Net
09:00-18:00 | Dew
13:00-22:00 | Thep
15:00-23:00 | Taipun
17:00-22:00 | Tan
17:00-22:00 | P'Oil
22:00-07:00 | Bank
22:00-07:00 | Sun",2026-03-17T12:17:18.127Z,2026-03-31T01:01:12.586Z,209,181,8175.00,39,7,35.00,0,88,39.00,39.00,0,0,0,0,0,0,0,0,0,0,0,0,,,,,,,BK1040
173,2026-03-13,Ake,full,95000,83719,314,1235000,1142826,3933,35077,0,14938,0,27709,3141,2180,668,5,0,0,0,0,0.00,0,0.00,0,0.00,0,0,0,0,6810.41,0,244.16,0,10.06,44.00,7.14,2026-03-08,"Phongsathon: 07:00-16:00
Nuttarika: Off
Boonyisa: 13:00-22:00
Chanon: Com
Washiraphan: 22:00-07:00","07:00-16:00 | Thep
07:00-16:00 | Taipun
13:00-22:00 | Tan
13:00-22:00 | Omm
22:00-07:00 | Bank
22:00-07:00 | Keng",2026-03-17T12:19:35.496Z,2026-03-31T01:01:12.595Z,201,182,8425.00,44,3,35.00,110,88,44.00,-44.00,0,0,0,0,0,0,0,0,0,0,0,0,,,,,,,BK1040
222,2026-04-11,Ake,full,95000,97599,321,1045000,916617,3115,38261,126,18605,74,28782,7304,3960,318,5,13,0,0,11,3.43,255,79.44,50,15.58,1203.27,0,114.60,0,12483.75,0,1323.75,0,11.50,97.00,3.31,2026-04-12,"Phongsathon: OFF
Nuttarika: 07:00-16:00
Suppawit: 22:00-07:00
Boonyisa: 10:00-19:00
Chanon: OFF
Washiraphan: 15:00-00:00","07:00-16:00 | Typoon Meepooh Nut
09:00-18:00 | Pipo
10:00-19:00 | Tawan
13:00-22:00 | Moon Tan C Soup
22:00-07:00 | Gang Thep Mah",2026-04-02T21:48:13.189Z,2026-04-17T18:17:21.683Z,174,174,11225.00,96,1,30.00,119,88,97.00,9.00,339,0,91925,91925,0,0,0,3,0,40703,0,0,,,,,,,BK1040
104,2026-01-31,Ake,full,110000,92345,302,3350000,2948630,9478,48596,159,9111,50,26441,5452,1971,0,4.96,71,0,0,7,2.32,247,81.79,12,3.97,676.59,0,152.66,0,64200.469999999994,0,4297.37,0,11.40,85.00,3.55,2026-02-01,"Phongsathon: OFF
Nuttarika: 10:00-19:00
Boonyisa: 07:00-16:00
Chanon: 22:00-07:00
Washiraphan: 15:00-00:00","07:00-16:00 | เทพ ฝุ่น
08:00-17:00 | เอ็ม
11:00-20:00 | อาย
12:00-21:00 | เก้ง
13:00-22:00 | พี่แทน
08:00-16:00 | สุธิดา
22:00-07:00 | แบงค์ ลีโอ",2026-01-31T22:10:52.666Z,2026-02-27T18:00:03.911Z,185,225,10525.00,83,2,144.50,105,88,85.00,-3.00,0,0,0,0,0,0,0,0,0,0,0,0,,,,,,,BK1040
12,2026-01-04,Ake,full,100000,109522,320,400000,445427,1395,54453,146,21107,68,26357,6375,1239,0,5,25,109,1,10,3.13,257,80.31,25,7.81,1922.1899999999996,0,71.55,0,4279.5,0,581.11,0,7.4,55,5.81,2026-01-04,"Phongsathon: 07:00-16:00
Nuttarika: 19:00-04:00
Boonyisa: 10:00-19:00
Chanon: 22:00-07:00
Washiraphan: OFF","07:00-16:00 | เทพ ฝุ่น
09:00-18:00 | เก้ง
13:00-22:00 | ซัน
14:00-23:00 | พี่แทน
18:00-00:00 | ดิว
21:00-06:00 | ลีโอ
22:00-07:00 | แบงค์",2026-01-04T20:51:21.386Z,2026-01-31T23:24:01.367Z,0,0,0,55,0,0,109,88,0,0,0,0,0,0,0,0,0,0,0,0,0,0,,,,,,,BK1040
100,2026-01-29,Ake,full,110000,100662,301,3130000,2776570,8873,42929,125,22483,71,25912,5282,1734,2124,4.93,45,3128,5,8,2.66,280,93.02,14,4.65,1112.94,0,102.47,0,58971.93,0,3982.38,0,4.82,57.00,5.28,2026-01-29,"Phongsathon: OFF
Nuttarika: 10:00-19:00
Boonyisa: 07:00-16:00
Chanon: 22:00-07:00
Washiraphan: 15:00-00:00","07:00-16:00 | เทพ
08:00-17:00 | ฝุ่น
10:00-19:00 | เก้ง
13:00-22:00 | แทน
14:00-23:00 | เน็ท
15:00-21:00 | ต้นหนาว มะตูม
16:00-22:00 | อิงฟ้า
09:00-18:00 | กีต้าร์
22:00-07:00 | แบงค์ ซัน",2026-01-30T01:48:31.498Z,2026-01-31T23:24:01.493Z,145,247,4850.00,56,1,0,113,88,57.00,-31.00,0,0,0,0,0,0,0,0,0,0,0,0,,,,,,,BK1040
17,2026-01-06,Ake,full,100000,80009,253,600000,622770,1952,36815,107,17630,68,16320,6176,3068,0,5,25,1,1,14,5.53,198,78.26,15,5.93,1658.2000000000005,0,75.45,0,5818.58,0,715.76,0,0.00,56,4.52,2026-01-04,"Phongsathon: 07:00-16:00
Nuttarika: 14:00-23:00
Boonyisa: OFF
Chanon: 22:00-07:00
Washiraphan: 10:00-19:00","07:00-16:00 | เก้ง เทพ
13:00-22:00 | แบงค์
22:00-07:00 | ลีโอ ซัน",2026-01-06T19:06:03.124Z,2026-01-31T23:24:01.380Z,229,258,0,56,4,0,111,88,0,0,0,0,0,0,0,0,0,0,0,0,0,0,,,,,,,BK1040
94,2026-01-24,Ake,full,110000,101777,315,2580000,2294329,7326,52699,144,15182,61,22971,7430,2624,679,4.9,0,0,0,11,3.49,242,76.83,21,6.67,843,0,87.00,0,46641.82,0,3170.68,0,5.90,80.00,3.94,2026-01-25,"Phongsathon: 07:00-16:00
Nuttarika: 11:00-20:00
Boonyisa: OFF
Chanon: 22:00-07:00
Washiraphan: 19:00-04:00","07:00-16:00 | เทพฐากูร
09:00-18:00 | พงศ์พัทธ์
11:00-20:00 | ไพศิษฐ์, สุทธิดา
12:00-21:00 | พรนิภา, อิงค์ฟ้า
13:00-22:00 | กฤษดา, วรัชยา
22:00-07:00 | คณพัฒน์",2026-01-24T19:39:04.640Z,2026-01-31T23:24:01.469Z,236,250,6000.00,77,3,0,112,88,80.00,-8.00,0,0,0,0,0,0,0,0,0,0,0,0,,,,,,,BK1040
95,2026-01-27,Ake,full,110000,85903,305,2910000,2582067,8241,39169,133,16538,56,23108,2311,1263,3742,4.88,26,0,0,15,4.92,248,81.31,16,5.25,908.52,0,80.06,0,53467.44,0,3746.74,0,7.28,85.00,3.59,2026-01-28,"Phongsathon: 07:00-16:00
Nuttarika: 11:00-20:00
Boonyisa: OFF
Chanon: 22:00-07:00
Washiraphan: 19:00-04:00","07:00-16:00 | เก้ง เทพ
14:00-23:00 | เน็ท แทน
15:00-21:00 | ต่้นหนาว มะตูม
16:00-22:00 | อ๋อม อิงค์ฟ้า
10:00-19:00 | แบงค์ ซัน",2026-01-27T18:03:26.588Z,2026-01-31T23:24:01.483Z,199,254,6250.00,79,6,0,112,88,85.00,85.00,0,0,0,0,0,0,0,0,0,0,0,0,,,,,,,BK1040
99,2026-01-28,Ake,full,110000,93841,331,3020000,2675908,8572,36430,139,25834,86,24726,4276,1988,587,4.93,45,0,0,21,6.34,229,69.18,15,4.53,880.45,0,133.17,0,57961.46000000001,0,3879.91,0,6.34,79.00,4.19,2026-01-29,"Nuttarika: 09:00-18:00
Boonyisa: 07:00-16:00
Chanon: 22:00-07:00
Washiraphan: 15:00-00:00",,2026-01-28T23:26:32.923Z,2026-01-31T23:24:01.488Z,157,247,5950.00,73,6,0,113,88,79.00,-9.00,0,0,0,0,0,0,0,0,0,0,0,0,,,,,,,BK1040
182,2026-03-24,Ake,full,95000,85006,292,2280000,2075260,7175,37957,0,16983,0,23317,4821,1979,139,0,0,0,0,4,1.37,209,71.58,11,3.77,1080,0,127.00,0,17343.149999999998,0,949.61,0,12.82,82.00,3.12,2026-03-25,,,2026-03-24T15:27:22.930Z,2026-03-31T01:01:12.676Z,0,187,10375.00,79,15,96.50,113,88,82.00,-6.00,0,0,0,0,0,0,0,1,0,0,0,0,,,,,,,BK1040
2,2026-01-02,Ake,full,100000,100529,322,200000,236374,726,0,0,0,0,0,0,0,0,0,0,0,0,0,0.00,0,0.00,0,0.00,4296.96,0,194.67,0,6421.65,0,316.48,0,4.97,60.00,5.37,2026-01-04,"Phongsathon: 07:00-16:00
Nuttarika: 19:00-04:00
Boonyisa: 10:00-19:00
Chanon: 22:00-07:00
Washiraphan: OFF",07:00-16:00 | เก้ง พี่แทน,2026-01-03T20:09:25.088Z,2026-01-31T23:24:01.357Z,0,0,5000.00,56,4,0,112,88,60.00,-28.00,0,0,0,0,0,0,0,0,0,0,0,0,,,,,,,BK1040
14,2026-01-05,Ake,full,100000,97334,304,500000,542761,1699,52547,142,75,20301,18916,5597,1148,377,5,25,69,1,14,4.35,240,74.53,26,8.07,2169.93,0,59.2,0,5443.030000000001,0,640.31,0,7.8,63,4.83,2026-01-04,"Phongsathon: 07:00-16:00
Nuttarika: 19:00-04:00
Boonyisa: 10:00-19:00
Chanon: 22:00-07:00
Washiraphan: OFF","07:00-16:00 | เก้ง พี่แทน
12:00-21:00 | เทพ
13:00-22:00 | แบงค์
22:00-07:00 | ซัน ลีโอ",2026-01-05T22:14:18.014Z,2026-01-31T23:24:01.375Z,283,262,0,63,3,0,108,88,0,0,0,0,0,0,0,0,0,0,0,0,0,0,,,,,,,BK1040
6,2026-01-03,Ake,full,100000,99531,349,300000,335905,1075,44032,167,18826,63,28062,5646,1637,1328,5,0,0,0,12,3.44,245,70.20,18,5.16,4232.089999999999,0,193.08,0,3573.64,0,"509.55
",0,0,60,5.81,2026-01-04,"Phongsathon: 07:00-16:00
Nuttarika: 19:00-04:00
Boonyisa: 10:00-19:00
Chanon: 22:00-07:00
Washiraphan: OFF","21:00-06:00 | ลีโอ
22:00-07:00 | แบงค์",2026-01-03T21:02:30.490Z,2026-01-31T23:24:01.362Z,0,0,0,60,1,0,108,88,0,0,0,0,0,0,0,0,0,0,0,0,0,0,,,,,,,BK1040
93,2026-01-23,Ake,full,110000,91024,290,2470000,2192552,7011,40309,124,12810,51,24805,8595,1545,1442,4.88,26,35,1,7,2.41,270,93.10,15,5.17,2263.4,0,260.41,0,52227.18,0,3083.68,0,7.47,96.00,3.02,2026-01-23,"Phongsathon: 07:00-16:00
Nuttarika: OFF
Boonyisa: 11:00-20:00
Chanon: 22:00-07:00
Washiraphan: 19:00-04:00","07:00-16:00 | เอ็ม หมีพูล
09:00-18:00 | อิงค์ฟ้า อ๋อม
10:00-19:00 | เก๊ง เทพ
12:00-21:00 | ต้นหนาว มะตูม
13:00-22:00 | อาย ดิว
22:00-07:00 | ฝุ่น แบงค์",2026-01-23T18:11:11.943Z,2026-01-31T23:24:01.462Z,214,256,6800.00,94,2,0,113,88,96.00,8.00,0,0,0,0,0,0,0,0,0,0,0,0,,,,,,,BK1040
3,2026-01-01,Ake,full,100000,135845,404,100000,135845,404,0,0,0,0,0,0,0,0,0,0,0,0,0,0.00,0,0.00,0,0.00,3707.0899999999997,0,121.81,0,3098.04,0,121.81,0,3.46,54.00,7.48,2026-01-04,"Phongsathon: 07:00-16:00
Nuttarika: 19:00-04:00
Boonyisa: 10:00-19:00
Chanon: 22:00-07:00
Washiraphan: OFF",07:00-16:00 | เก้ง พี่แทน,2026-01-03T20:09:40.557Z,2026-01-31T23:24:01.351Z,0,0,4700.00,48,6,0,112,88,54.00,-34.00,0,0,0,0,0,0,0,0,0,0,0,0,,,,,,,BK1040
181,2026-03-23,Ake,full,95000,80424,295,2185000,1990254,6883,34870,120,18972,77,20967,4738,896,0,0,0,0,0,8,2.71,275,93.22,19,6.44,0,0,0.00,0,16390.149999999998,0,822.61,0,13.02,83.00,3.55,,,,2026-03-23T15:07:52.764Z,2026-03-31T01:01:12.671Z,209,188,10475.00,62,20,76.50,109,88,83.00,-5.00,0,199,0,0,0,0,0,2,0,0,0,0,,,,,,,BK1040
96,2026-01-25,Ake,full,110000,99865,305,2690000,2294329,7326,44907,140,19253,79,24091,7584,3630,169,4.90,114,0,0,15,4.92,258,84.59,16,5.25,1767,0,154,0,46641.82,0,3170.68,0,5.71,74.00,4.12,,,,2026-01-27T18:03:39.702Z,2026-01-31T23:24:01.474Z,252,295,5700.00,71,3,0,112,88,74.00,-14.00,0,0,0,0,0,0,0,0,0,0,0,0,,,,,,,BK1040
171,2026-03-10,Ake,full,95000,73453,259,950000,902617,3064,35565,0,6415,0,22252,5409,1631,1802,5,0,0,0,0,0.00,0,0.00,0,0.00,0,0,0.00,0,6062.29,0,244.16,0,12.08,53.00,4.89,2026-03-17,"Phongsathon: COM
Nuttarika: 22:00-07:00
Boonyisa: 07:00-16:00
Washiraphan: 13:00-22:00","07:00-16:00 | เทพ
07:00-16:00 | เก๊ง
13:00-22:00 | แทน
22:00-07:00 | ซัน",2026-03-17T12:17:29.786Z,2026-03-31T01:01:12.581Z,158,179,8875.00,53,4,33.00,0,88,53.00,53.00,0,0,0,0,0,0,284,0,0,0,0,0,,,,,,,BK1040
106,2026-02-01,Ake,full,100000,96944,309,100000,96944,309,0,0,0,0,0,0,0,0,0,0,0,0,0,0.00,0,0.00,0,0.00,0,0,0,0,0,0,0.00,0,9.90,152.00,2.03,2026-02-01,,,2026-02-01T22:51:03.495Z,2026-02-27T18:26:33.415Z,0,225,9600.00,149,3,3.00,111,88,152.00,152.00,0,0,97529,0,345,300,333,0,0,0,0,0,,,,,,,BK1040
138,2026-02-24,Ake,full,100000,82270,292,2400000,2193582,7091,0,0,0,0,0,0,0,0,0,0,0,0,0,0.00,0,0.00,0,0.00,891,0,0,0,23789.49,0,2020.60,0,5.96,58.00,5.03,,,,2026-02-21T18:52:13.255Z,2026-02-27T18:26:33.546Z,0,0,4900.00,58,0,50.00,111,88,58.00,58.00,0,0,82037,0,292,140,333,0,0,0,0,0,,,,,,,BK1040
20,2026-01-07,Ake,full,110000,78064,240,710000,700834,2192,34959,106,15804,53,22931,2922,1051,397,5,0,0,0,10,4.17,190,79.17,12,5.00,1832.2100000000005,0,57.44,0,6674.3,0,773.20,0,5.48,40,6.00,2026-01-08,"Phongsathon: 07:00-16:00
Nuttarika: 10:00-19:00
Boonyisa: QSNCC
Chanon: 22:00-07:00
Washiraphan: 19:00-04:00","07:00-16:00 | แทน
13:00-22:00 | ดิว
14:00-23:00 | แบงค์
15:00-00:00 | ไต้ฝุ่น
22:00-07:00 | ซัน ลีโอ",2026-01-07T21:29:01.156Z,2026-01-31T23:24:01.385Z,277,260,4275.00,40,8.5,0,110,88,0,0,0,0,0,0,0,0,0,0,0,0,0,0,,,,,,,BK1040
22,2026-01-08,Ake,full,110000,92379,285,820000,793213,2477,46732,140,18679,68,19614,4490,2864,0,5,0,588,1,12,4.21,213,74.74,23,8.07,2045.449999999999,0,66.36,0,7591.640000000001,0,839.56,0,4.63,48,7.13,2026-01-09,"Phongsathon: 07:00-16:00
Nuttarika: OFF
Boonyisa: 10:00-19:00
Chanon: 22:00-07:00
Washiraphan: 19:00-04:00","07:00-16:00 | เก้ง พี่แทน
10:00-19:00 | ฝุ่น
13:00-22:00 | เทพ
21:00-06:00 | ป้านา
22:00-07:00 | แบงค์ ซัน",2026-01-08T18:45:03.042Z,2026-01-31T23:24:01.392Z,310,266,4275.00,48,1,0,112,88,0,0,0,0,0,0,0,0,0,0,0,0,0,0,,,,,,,BK1040
24,2026-01-09,Ake,full,110000,97960,292,930000,891173,2769,49972,141,20012,73,16877,7146,3207,547,5,27,1106,2,11,3.77,229,78.42,27,9.25,3047.3900000000003,0,110,0,8769.03,0,949.56,0,4.36,56,7.30,2026-01-10,"Phongsathon: OFF
Nuttarika: 13:00-22:00
Boonyisa: 07:00-16:00
Chanon: OFF
Washiraphan: 22:00-07:00","07:00-16:00 | หมีพู ฝุ่น
09:00-18:00 | กีต้าร์
12:00-21:00 | เอ็ม
13:00-22:00 | เก้ง พี่แทน
15:00-00:00 | เจน
22:00-07:00 | ีลีโอ เทพ",2026-01-09T19:38:46.032Z,2026-01-31T23:24:01.397Z,296,269,4275.00,56,7,0,113,88,0,0,0,0,0,0,0,0,0,0,0,0,0,0,,,,,,,BK1040
28,2026-01-10,Ake,full,110000,88469,291,1040000,1068111,3351,37762,116,11215,52,25100,11073,2339,974,5.00,25,217,1,5,1.72,241,82.82,14,4.81,3769,0,180.00,0,15245.250000000002,0,1309.56,0,4.52,80.00,3.64,2026-01-10,"Phongsathon: COM
Nuttarika: 13:00-22:00
Boonyisa: 07:00-16:00
Chanon: 13:00-22:00
Washiraphan: 22:00-07:00","07:00-16:00 | หมีพู เอ็ม
10:00-19:00 | กีต้าร์
13:00-22:00 | เก้ง พี่แทน
15:00-00:00 | ดิว ใต้ฝุ่น
22:00-07:00 | ีลีโอ เทพ",2026-01-10T20:43:59.487Z,2026-01-31T23:24:01.402Z,151,260,4000.00,64,2,0,105,88,80.00,80.00,0,0,0,0,0,0,0,0,0,0,0,0,,,,,,,BK1040
185,2026-03-25,Ake,full,95000,80105,308,2375000,2075260,7175,35317,0,18656,0,19893,2797,1325,0,0,0,0,0,0,0.00,0,0.00,0,0.00,1110,0,0,0,17343.149999999998,0,949.61,0,7.77,0.00,0.00,2026-03-25,,,2026-03-30T21:33:26.785Z,2026-03-31T01:01:12.681Z,0,191,6225.00,88,10,96.50,108,88,0.00,-88.00,0,657,0,0,0,0,0,0,0,0,0,0,,,,,,,BK1040
168,2026-03-14,Ake,full,95000,98716,341,1330000,1241542,4274,39274,88,18008,56,31760,6114,2136,1324,5,0,0,0,0,0.00,0,0.00,0,0.00,522.26,0,0.00,0,7681.87,0,244.16,0,8.69,47.00,7.26,2026-03-08,"Phongsathon: 07:00-16:00
Nuttarika: 13:00-22:00
Boonyisa: OFF
Chanon: QSNCC
Washiraphan: 22:00-07:00","07:00-16:00 | เอ็ม,
07:00-16:00 | ดิว
09:00-18:00 | เน็ท
13:00-22:00 | เทพ,
13:00-22:00 | ใต้ฝุ่น
22:00-07:00 | เก๊ง,
22:00-07:00 | แบงค์",2026-03-15T05:47:38.873Z,2026-03-31T01:01:12.600Z,196,183,8575.00,47,3,34.00,0,88,47.00,47.00,0,0,0,0,0,0,0,0,0,0,0,0,,,,,,,BK1040
169,2026-03-16,Ake,full,95000,73453,259,1520000,1365213,4805,35565,0,6415,0,22252,5409,1631,1802,5,0,0,0,0,0.00,0,0.00,0,0.00,7805.08,0,0.00,0,14633.79,0,244.16,0,12.08,53.00,4.89,2026-03-17,"Phongsathon: COM
Nuttarika: 22:00-07:00
Boonyisa: 07:00-16:00
Washiraphan: 13:00-22:00","07:00-16:00 | เทพ
07:00-16:00 | เก๊ง
13:00-22:00 | แทน
22:00-07:00 | ซัน",2026-03-16T21:45:33.041Z,2026-03-31T01:01:12.618Z,158,179,8875.00,53,1,33.00,0,88,53.00,-35.00,0,0,0,0,0,0,0,0,0,0,0,0,,,,,,,BK1040
175,2026-03-17,Ake,full,95000,80871,295,1615000,1446084,5100,32090,0,15246,0,23827,7710,1364,466,5,61,198,1,9,3.05,197,66.78,16,5.42,993.49,0,84.00,0,15543.28,0,328.16,0,10.29,0,7.20,2026-03-17,"Phongsathon: Manager Meetings
Nuttarika: 13:00-22:00
Boonyisa: 05:00-13:00
Chanon: 22:00-07:00
Washiraphan: 15:00-00:00","07:00-22:00 | Gang
10:00-22:00 | Thep
22:00-07:00 | Leo
22:00-07:00 | Sun",2026-03-17T17:30:58.450Z,2026-03-31T01:01:12.623Z,163,182,8325.00,32,9,42.00,108,88,41.00,-47.00,0,0,0,0,0,0,0,0,0,0,0,0,,,,,,,BK1040
187,2026-03-28,Ake,full,95000,95354,305,0,0,0,0,0,0,0,0,0,0,0,0,0,0,0,0,0,0,0,0,0,1120.83,0,0,0,0,0,0,0,0,0,0,,,,2026-03-31T00:51:47.258Z,2026-03-31T09:51:02.734Z,0,0,0,79,6,0,0,88,0,0,0,0,2660000,2521159,0,0,312,0,0,0,0,0,,,,,,,BK1040
150,2026-03-02,Ake,full,104000,99640,335,208000,199280,670,45738,45.9,13502,13.55,29264,7735,1887,1514,5,11,0,0,6,1.79,268,81.51,19,5.82,1402.5200000000002,1.370,18.94,0,731.56,0,165.20,0,10.81,87.00,3.85,2026-03-04,,,2026-03-01T18:49:29.572Z,2026-03-31T01:01:12.539Z,212,214,10775.00,69,5,0.00,108,88,69,-1.00,0,0,0,0,0,400,300,4,0,0,0,0,,,,,,,BK1040
189,2026-03-31,Ake,full,95000,81535,0,2945000,2660697,9382,0,0,0,0,0,0,0,0,0,0,0,0,0,0,0,0,0,0,0,0,0,0,24220.81,0,1167.80,0,7.63,0.00,0.00,,,,2026-04-01T00:01:47.425Z,2026-04-01T01:17:16.207Z,0,0,6225.00,0,0,187.50,0,0,0.00,0.00,0,0,0,0,0,0,0,0,0,0,0,0,,,,,,,BK1040
73,2026-01-16,Ake,full,110000,82034,277,1700000,1533999,4867,43494,150,13182,52,17357,4648,1485,1868,5,25,0,0,10,3.61,216,77.98,25,9.03,3313.99,0,274.24,0,23358.01,0,1842.50,0,6.70,110.00,2.52,2026-01-17,"Phongsathon: 10:00-19:00
Nuttarika: 07:00-16:00
Boonyisa: 15:00-00:00
Chanon: OFF
Washiraphan: 22:00-07:00","07:00-16:00 | หมีพูห์ แทน
09:00-18:00 | ป้านา
13:00-22:00 | ดิว
14:00-23:00 | เอ็ม
15:00-00:00 | เจน
22:00-07:00 | ใต้ฝุ่น ลีโอ เก๊ง",2026-01-16T19:41:39.769Z,2026-01-31T23:24:01.424Z,167,253,5500.00,69,1,0,113,88,110.00,110.00,0,0,0,0,0,0,0,0,0,0,0,0,,,,,,,BK1040
97,2026-01-26,Ake,full,110000,101970,305,2800000,2496164,7936,53526,151,19286,62,20085,19286,1864,0,4.88,26,0,0,0,0.00,0,0.00,0,0.00,2131.54,0,342,0,47946.82,0,3324.68,0,5.59,74.00,4.12,,,,2026-01-27T18:24:30.973Z,2026-01-31T23:24:01.479Z,284,268,5700.00,71,3,0,112,88,74.00,-14.00,0,0,0,0,0,0,0,0,0,0,0,0,,,,,,,BK1040
107,2026-02-02,Ake,full,100000,88895,310,200000,263212,882,47209,150,14981,55,16577,7252,1506,1028,5,0,20,1,5,1.61,242,78.06,25,8.06,1815.1499999999996,0,0,0,1628.98,0,300.70,0,6.07,68.00,4.56,2026-02-03,"Phongsathon: 07:00-16:00
Nuttarika: OFF
Boonyisa: 10:00-19:00
Chanon: 22:00-07:00
Washiraphan: 15:00-00:00","07:00-16:00 | เก๊ง เทพ
09:00-18:00 | อิงค์ฟ้า
13:00-22:00 | พี่แทน เน็ท ซัน
15:00-22:00 | ญาณิศา วรัชยา
22:00-07:00 | แบงค์ ลีโอ",2026-02-02T20:10:50.874Z,2026-02-27T18:26:33.429Z,214,226,5400.00,68,0,0,112,88,68.00,68.00,0,0,98037,0,345,300,333,0,0,0,0,0,,,,,,,BK1040
68,2026-01-12,Ake,full,110000,93293,305,1260000,1170471,3677,46352,141,16456,61,24640,4651,1013,178,5,25,199,1,12,3.93,248,81.31,24,7.87,2017,0,89.00,0,20347.91,0,1388.56,0,5.90,110.00,2.77,2026-01-13,"Phongsathon: 07:00-16:00
Nuttarika: 22:00-07:00
Boonyisa: OFF
Chanon: 13:00-22:00
Washiraphan: 22:00-07:00","07:00-16:00 | หมีพู เอ็ม
10:00-19:00 | กีต้าร์
13:00-22:00 | เก้ง พี่แทน
15:00-00:00 | ดิว ใต้ฝุ่น
22:00-07:00 | ีลีโอ เทพ",2026-01-15T19:59:23.083Z,2026-01-31T23:24:01.409Z,298,291,5500.00,59,11,0,113,88,110.00,110.00,0,0,0,0,0,0,0,0,0,0,0,0,,,,,,,BK1040
108,2026-02-03,Ake,full,100000,77373,263,300000,263212,882,44879,139,11484,56,16414,3567,1198,0,5,0,0,0,5,1.90,196,74.52,8,3.04,1918.7299999999996,0,0,0,3132.48,0,300.70,0,11.66,140.50,1.87,2026-02-04,"Phongsathon: 07:00-16:00
Nuttarika: 22:00-07:00
Boonyisa: 10:00-19:00
Chanon: OFF
Washiraphan: 15:00-00:00",,2026-02-03T00:01:25.076Z,2026-02-27T18:26:33.443Z,213,222,9025.00,139,1.5,4.50,112,88,140.50,140.50,0,0,87492,0,322,300,333,0,0,0,0,0,,,,,,,BK1040
69,2026-01-13,Ake,full,110000,82949,297,1370000,1253420,3974,41690,140,15704,93,17716,5283,1897,0,5,25,55,1,15,5.05,200,67.34,7,2.36,1638.629999999999,0,42.60,0,17267.08,0,1431.16,0,6.51,108.00,2.75,2026-01-15,"Phongsathon: 07:00-16:00
Nuttarika: 22:00-07:00
Boonyisa: OFF
Chanon: 09:00-18:00
Washiraphan: 19:00-04:00","07:00-16:00 | Keng Tan
12:00-21:00 | Thep
15:00-00:00 | Net
22:00-07:00 | Sun Leo",2026-01-15T20:53:21.572Z,2026-01-31T23:24:01.412Z,228,246,5400.00,48,12,0,111,88,108.00,20.00,0,0,0,0,0,0,0,0,0,0,0,0,,,,,,,BK1040
146,2026-02-28,Ake,full,100000,99476,325,2912000,2560595,8630,43229,146,60,16506,35029,4978,2078,0,5,74,0,0,11,3.38,271,83.38,20,6.15,433.42,0,0,0,433.42,0,0,0,10.18,77.00,4.22,2026-03-02,,,2026-02-27T18:21:21.928Z,2026-03-02T21:04:04.991Z,229,205,10125.00,75,2,2.00,114,88,77.00,-11.00,0,0,0,0,0,300,333,0,0,0,0,0,,,,,,,BK1040
157,2026-03-05,Ake,full,95000,83734,310,502000,339647,1209,35096,127,11654,46,27391,5252,3263,945,5,21,1173,6,7,2.26,272,87.74,14,4.52,517.94,0,0.00,0,2869.83,0,18.94,0,7.43,0.00,0.00,2026-03-04,"Phongsathon: 07:00-16:00
Nuttarika: 13:00-22:00
Boonyisa: OFF
Chanon: 22:00-07:00
Washiraphan: SICK","07:00-16:00 | เทพ
07:00-16:00 | เก้ง
09:00-18:00 | กีต้า
10:00-19:00 | เน็ท
13:00-22:00 | ฝุ่น
13:00-22:00 | พี่แทน
22:00-07:00 | แบงค์
22:00-07:00 | ลีโอ",2026-03-04T21:59:05.638Z,2026-03-31T01:01:12.555Z,190,210,6225.00,55,0,9.00,0,88,55,0.00,198,0,0,0,0,350,300,0,0,0,0,0,,,,,,,BK1040
159,2026-03-06,Ake,full,95000,72228,264,1140000,1059107,3619,31212,0,11706,0,21658,3304,1623,2435,5,0,0,0,0,0,0,0,0,0,0,0.809,0,0,6810.41,0,244.16,0,13.53,71.00,3.72,2026-03-17,"Phongsathon: COM
Nuttarika: 22:00-07:00
Boonyisa: 07:00-16:00
Chanon: Com
Washiraphan: 13:00-22:00","07:00-16:00 | Keng
09:00-18:00 | Thaipun
13:00-22:00 | Thep
17:00-22:00 | Tan
22:00-07:00 | Bank
22:00-07:00 | Sun",2026-03-06T16:22:18.888Z,2026-03-31T01:01:12.560Z,168,180,9775.00,71,0,35.00,0,88,71.00,71.00,0,0,0,0,0,350,300,0,0,0,0,0,,,,,,,BK1040
188,2026-03-29,Ake,full,95000,86672,311,0,0,0,0,0,0,0,0,0,0,0,0,0,0,0,0,0,0,0,0,0,1032.07,0,0,0,0,0,0,0,0,0,0,,,,2026-03-31T00:52:28.790Z,2026-04-01T19:50:07.568Z,0,0,0,100,6,0,0,88,0,0,0,0,2755000,2608031,0,0,288,0,0,0,0,0,,,,,,,BK1040
81,2026-01-18,Ake,full,110000,108240,351,1920000,1746887,5408,49402,144,19210,68,21186,11382,3635,3420,5,25,1374,2,10,3.24,301,97.41,16,5.18,932.5499999999997,0.37,53.05,0.05,32884.1,1.32,2078.89,0.11,3.70,80.00,3.86,2026-01-16,"Phongsathon: 10:00-19:00
Nuttarika: 07:00-16:00
Boonyisa: COM
Chanon: 19:00-04:00
Washiraphan: 22:00-07:00","07:00-16:00 | เก๊ง, ใต้ฝุ่น
09:00-18:00 | เทพ
13:00-22:00 | ดิว, เน็ท
22:00-07:00 | ลีโอ",2026-01-18T23:11:26.463Z,2026-01-31T23:24:01.432Z,288,259,4000.00,40,0,0,109,96,80.00,-16.00,0,0,0,0,0,0,0,0,0,0,0,0,,,,,,,BK1040
84,2026-01-19,Ake,full,110000,80851,264,2030000,1827738,5832,38072,112,17984,69,16714,5740,1383,578,5,25,1144,3,9,3.41,201,76.14,20,7.58,1858.25,0,119.71,0,40619.89,0,2198.60,0,6.56,66.00,4.00,2026-01-20,"Phongsathon: COM
Nuttarika: 07:00-16:00
Boonyisa: COM
Chanon: 22:00-07:00
Washiraphan: 13:00-22:00","07:00-16:00 | เทพ, แทน
13:00-22:00 | เน็ท
13:00-22:00 | อิงค์ฟ้า, อ๋อม
22:00-07:00 | แบงค์ ซัน",2026-01-19T21:34:43.243Z,2026-01-31T23:24:01.438Z,304,252,5300.00,55,11,0,112,88,66.00,-22.00,0,0,0,0,0,0,0,0,0,0,0,0,,,,,,,BK1040
103,2026-01-30,Ake,full,110000,79715,303,3240000,2856285,9176,38519,138,10777,58,21824,6381,1628,368,4.94,51,316,1,2,0.66,223,73.60,9,2.97,569.5699999999999,0,162.33,0,63523.88,0,4144.71,0,7.65,82.00,3.70,2026-01-31,"Phongsathon: 15:00-00:00
Nuttarika: 10:00-19:00
Boonyisa: 15:00-00:00
Chanon: 22:00-07:00
Washiraphan: 07:00-16:00",,2026-01-30T03:15:20.802Z,2026-01-31T23:25:19.961Z,118,239,6100.00,74,8,0,113,88,82.00,-6.00,0,0,0,0,0,0,0,0,0,0,0,0,,,,,,,BK1040
87,2026-01-20,Ake,full,110000,90269,294,2140000,1918007,5966,48362,141,13225,59,19764,7194,1437,287,4.88,26,0,0,7,2.38,238,80.95,22,7.48,1628.57,0,166.52,0,37018.659999999996,0,2365.12,0,6.87,84.00,3.50,2026-01-20,"Phongsathon: COM
Nuttarika: 07:00-16:00
Boonyisa: 13:00-22:00
Chanon: 22:00-07:00
Washiraphan: OFF","07:00-16:00 | เทพ แทน
13:00-22:00 | เก้ง ออโต้
22:00-07:00 | แบงค์ ซัน",2026-01-20T20:37:33.098Z,2026-01-31T23:24:01.443Z,254,252,6200.00,78,6,0,110,88,84.00,-4.00,0,0,0,0,0,0,0,0,0,0,0,0,,,,,,,BK1040
90,2026-01-21,Ake,full,110000,86970,293,2250000,2004977,6259,45840,132,16549,68,18111,4864,736,767,4.88,26,0,0,7,2.39,233,79.52,17,5.80,1492.2600000000002,0,72.71,0,40585.2,0,2437.83,0,6.15,67.00,4.37,2026-01-20,"Phongsathon: COM
Nuttarika: 07:00-16:00
Boonyisa: 22:00-07:00
Chanon: OFF
Washiraphan: 13:00-22:00","07:00-16:00 | แทน เน็ท
09:00-18:00 | เก้ง
15:00-00:00 | ใต้ฝุ่น
20:00-07:00 | ซัน
22:00-07:00 | แบงค์",2026-01-21T18:42:50.164Z,2026-01-31T23:24:01.448Z,192,204,5350.00,58,9,0,110,88,67.00,-21.00,0,0,0,0,0,0,0,0,0,0,0,0,,,,,,,BK1040
91,2026-01-22,Ake,full,110000,96551,302,2360000,2101528,6721,50265,138,12889,59,19986,10419,2345,647,4.88,26,99,1,21,6.95,268,88.74,17,5.63,2710.94,0,385.44,0,50224.19,0,2823.27,0,6.27,81.00,3.73,2026-01-23,"Phongsathon: OFF
Nuttarika: 07:00-16:00
Boonyisa: 19:00-04:00
Chanon: 22:00-07:00
Washiraphan: 10:00-19:00","07:00-16:00 | เอ็ม หมีพูล
09:00-18:00 | อิงค์ฟ้า อ๋อม
10:00-19:00 | เก๊ง เทพ
12:00-21:00 | ต้นหนาว มะตูม",2026-01-22T17:43:40.324Z,2026-01-31T23:24:01.452Z,216,256,6050.00,74,7,0,113,88,81.00,-7.00,0,0,0,0,0,0,0,0,0,0,0,0,,,,,,,BK1040
112,2026-02-04,Ake,full,100000,84309,290,400000,347521,1182,37944,0,15949,0,19966,6949,2410,0,0,0,0,0,0,0.00,0,0.00,0,0.00,883,0,0,0,2582.3,0,300.70,0,8.30,100.00,2.90,,,,2026-02-14T19:10:13.691Z,2026-02-27T18:26:33.449Z,219,221,7000.00,131.5,1.5,0,109,88,100.00,100.00,0,0,83098,0,291,300,333,0,0,0,0,0,,,,,,,BK1040
76,2026-01-17,Ake,full,110000,104648,350,1810000,1638647,5099,43948,154,21281,52,26120,8182,3328,1283,5,25,0,0,20,5.71,255,72.86,15,4.29,1405.25,0,107.12,0,36321.530000000006,0,2025.84,0,5.73,80.00,4.38,2026-01-18,"Phongsathon: 07:00-16:00
Nuttarika: 11:00-20:00
Boonyisa: 13:00-22:00
Chanon: 15:00-00:00
Washiraphan: 22:00-07:00","07:00-16:00 | หมีพูห์ เก๊ง
10:00-19:00 | กีต้าร์
13:00-22:00 | เทพ ดิว
22:00-07:00 | ลีโอ ใต้ฝุ่น",2026-01-17T20:00:10.942Z,2026-01-31T23:24:01.428Z,206,250,6000.00,80,0,0,105,88,80.00,80.00,0,0,0,0,0,0,0,0,0,0,0,0,,,,,,,BK1040
113,2026-02-05,Ake,full,100000,89561,302,500000,437082,1474,40796,0,15377,0,23327,7441,2551,0,0,0,0,0,0,0.00,0,0.00,0,0.00,971,0,0,0,4385.08,0,300.70,0,8.49,112.00,2.70,,,,2026-02-14T19:10:59.284Z,2026-02-27T18:26:33.453Z,152,207,7600.00,111,1,0,110,88,112.00,112.00,0,0,93765,0,322,300,333,0,0,0,0,0,,,,,,,BK1040
165,2026-03-08,Ake,full,95000,80544,310,760000,739046,2494,36355,125,10826,56,28466,3832,752,0,5,21,39,1,16,5.16,246,79.35,13,4.19,482.26,0,31.62,0,6391.39,0,212.54,0,11.76,63.00,4.92,2026-03-09,,,2026-03-07T23:02:44.646Z,2026-03-31T01:01:12.571Z,197,182,9475.00,56,7,28.00,109,88,63.00,-25.00,0,333,0,0,0,0,300,2,26998,0,0,0,,,,,,,BK1040
174,2026-03-15,Ake,full,95000,80039,291,1425000,1321581,4565,39831,0,11835,0,21249,5282,949,722,5,0,0,0,0,0,0,0,0,0,0,0,0,0,6584.55,0,244.16,0,11.09,53.00,5.49,2026-03-08,"Phongsathon: COM
Nuttarika: 13:00-22:00
Boonyisa: 07:00-16:00
Chanon: 22:00-07:00
Washiraphan: OFF","07:00-16:00 | Thep,
07:00-16:00 | Amp
12:00-18:00 | Ahom
13:00-22:00 | Taifoon
16:00-22:00 | M,
16:00-22:00 | Dew,
16:00-22:00 | Net
17:00-22:00 | Tawan
22:00-07:00 | Sun,
22:00-07:00 | Bank",2026-03-17T12:20:24.787Z,2026-03-31T01:01:12.605Z,177,183,8875.00,53,3,33.00,0,88,53.00,53.00,199,0,0,0,0,0,0,0,0,0,0,0,,,,,,,BK1040
183,2026-03-30,Ake,full,95000,82736,290,2850000,2660697,9382,27417,95,15468,67,27817,7272,442,4324,5,61,0,0,7,2.41,257,88.62,9,3.10,960.0799999999999,0,91.19,0,23260.73,0,1076.61,0,12.12,74.00,3.92,2026-03-31,"Phongsathon: 15:00-00:00
Nuttarika: 07:00-16:00
Boonyisa: 10:00-19:00
Chanon: 22:00-07:00
Washiraphan: 15:00-00:00","07:00-16:00 | Winnie
07:00-16:00 | Jane
09:00-18:00 | Gang
13:00-22:00 | Moon
13:00-22:00 | Wanpan
22:00-07:00 | Sun",2026-03-30T21:31:56.931Z,2026-03-31T01:09:31.288Z,3.03,3.00,10025.00,70,4,187.50,108,88,74.00,-14.00,109,0,0,0,0,0,0,2,0,0,0,0,,,,,,,BK1040
164,2026-03-07,Ake,full,95000,123972,352,760000,782474,2536,0,0,0,0,0,0,0,0,0,0,0,0,10,2.61,277,82.88,20,5.08,1298.02,1.047,0,0,6806.59,0,644.72,0,10.20,0,4.20,2026-03-04,,,2026-03-07T18:10:58.813Z,2026-03-31T01:01:12.564Z,0,0,10920,78,12,41.00,120,88,90,-15.00,0,0,0,0,0,0,300,0,0,0,0,0,,,,,,,BK1040
117,2026-02-09,Ake,full,100000,88923,313,900000,833616,2867,34176,120,17733,74,26308,6370,2191,1662,0,0,0,0,0,0.00,0,0.00,0,0.00,1278,0,0,0,6893.3,0,300.70,0,7.20,88.00,3.56,,"Phongsathon: 07:00-16:00
Nuttarika: 22:00-07:00
Washiraphan: 10:00-19:00","07:00-16:00 | Thep
07:00-16:00 | Keng
09:00-18:00 | Inkfah
13:00-22:00 | Tan
16:00-01:00 | Omm
17:00-23:00 | Chompoo
22:00-07:00 | Sun
22:00-07:00 | Leo",2026-02-14T19:17:08.844Z,2026-02-27T18:26:33.474Z,221,197,6400.00,88,0,0,111,88,88.00,88.00,0,0,102295,0,362,300,333,0,0,0,0,0,,,,,,,BK1040
128,2026-02-21,Ake,full,100000,95433,312,2100000,1900283,6103,43890,130,15552,62,26149,7187,1855,0,5,12,99,1,9,2.88,89,28.53,11,3.53,1130.98,0,0,0,18264.08,0,1547.41,0,7.60,105.00,2.97,2026-02-22,"Phongsathon: 07:00-16:00
Nuttarika: COM
Boonyisa: 13:00-22:00
Chanon: QSNCC
Washiraphan: 22:00-07:00","07:00-16:00 | ธารารัตน์, พงศ์พัทธ์, ภูษณิศา
09:00-18:00 | ณัฐริกา
10:00-19:00 | เทพฐากูร
12:00-21:00 | ไพศิษฐ์
13:00-22:00 | กฤษฎา, สราวุธ, อดิศร
14:00-23:00 | พิทักษ์
22:00-07:00 | คณพัฒน์, ยศนันท์",2026-02-21T14:18:16.837Z,2026-02-27T18:26:33.534Z,242,210,7250.00,105,0,41.00,114,88,105.00,105.00,0,369,81385,0,304,300,333,0,0,0,0,0,,,,,,,BK1040
124,2026-02-18,Ake,full,100000,96472,295,1800000,1616318,5207,49850,52,12605,13,21088,5158,2038,5676,5,0,55,1,7,2.37,240,81.36,13,4.41,863.34,0,0,0,16624.940000000002,0,1086.87,0,7.00,95.00,3.11,2026-02-21,"Phongsathon: 07:00-16:00
Nuttarika: OFF
Boonyisa: 13:00-22:00
Chanon: OFF
Washiraphan: 22:00-07:00","07:00-16:00 | เน็ท
07:00-16:00 | เอ็ม
11:00-20:00 | อาย
12:00-21:00 | ดิว
16:00-21:00 | มะตูม
22:00-07:00 | แบงค์
22:00-07:00 | เก้ง",2026-02-18T18:41:01.350Z,2026-02-27T18:26:33.521Z,254,201,6750.00,95,0,38.00,105,88,95.00,95.00,0,0,72123,0,284,300,333,0,0,0,0,0,,,,,,,BK1040
116,2026-02-08,Ake,full,100000,99238,350,800000,744694,2544,48599,171,18772,75,21324,9305,495,558,5,0,0,0,0,0,0,0,0,0,865,0,0,0,6939.78,0,300.70,0,5.89,77.00,4.55,2026-02-21,"Phongsathon: 07:00-16:00
Nuttarika: 22:00-07:00
Boonyisa: OFF
Chanon: 09:00-18:00
Washiraphan: 13:00-22:00","07:00-16:00 | ฝุ่น
07:00-16:00 | หมีพูว์
07:00-16:00 | เทพ
07:00-16:00 | กีต้าร์
13:00-22:00 | อาย
13:00-22:00 | อิงฟ้า
22:00-07:00 | แบงค์
22:00-07:00 | เก้ง",2026-02-14T19:14:47.971Z,2026-02-27T18:26:33.469Z,160,195,5850.00,77,0,10.00,111,88,77.00,-11.00,0,358,105667,0,368,300,333,0,0,0,0,0,,,,,,,BK1040
118,2026-02-10,Ake,full,100000,85622,229,1000000,919239,3086,40093,129,11447,53,17246,4232,1235,6350,0,0,0,0,0,0.00,0,0.00,0,0.00,803,0,0,0,9321.48,0,300.70,0,6.25,67.00,3.42,2026-02-04,"Phongsathon: 07:00-16:00
Nuttarika: 22:00-07:00
Chanon: 13:00-22:00
Washiraphan: OFF","07:00-16:00 | Thep
07:00-16:00 | Keng
09:00-18:00 | Inkfah
12:00-21:00 | Net
13:00-22:00 | Tan
15:00-21:00 | Omm
15:00-21:00 | Bank
22:00-07:00 | Leo
22:00-07:00 | Sun",2026-02-14T19:17:51.941Z,2026-02-27T18:26:33.479Z,220,199,5350.00,66,1,11.00,110,88,67.00,67.00,0,0,86825,0,300,300,333,0,0,0,0,0,,,,,,,BK1040
119,2026-02-11,Ake,full,100000,76630,278,1100000,995868,3374,35115,113,13545,60,17348,6431,1262,2901,0,0,0,0,0,0.00,0,0.00,0,0.00,909,0,0,0,8605.3,0,300.70,0,7.90,81.00,3.43,,"Nuttarika: OFF
Boonyisa: 07:00-16:00
Chanon: 13:00-22:00
Washiraphan: 22:00-07:00","07:00-16:00 | เอ็ม
07:00-16:00 | เจน
13:00-22:00 | แทน
15:00-23:00 | ไต้ฝุ่น
15:00-23:00 | ตะวัน
16:00-22:00 | อ๋อม
22:00-07:00 | ซัน
22:00-07:00 | แบงค์",2026-02-14T19:18:14.681Z,2026-02-27T18:26:33.484Z,196,199,6050.00,81,5,0,111,88,81.00,81.00,0,0,89001,0,298,300,333,0,0,0,0,0,,,,,,,BK1040
120,2026-02-13,Ake,full,100000,87988,310,1300000,1168715,3674,46499,147,16919,67,16890,4954,1005,1613,0,0,0,0,0,0.00,0,0.00,0,0.00,715,0,0,0,10945.48,0,300.70,0,7.39,90.00,3.44,2026-02-15,"Phongsathon: 07:00-16:00
Nuttarika: 11:00-20:00
Boonyisa: 09:00-18:00
Chanon: 15:00-00:00
Washiraphan: 22:00-07:00",,2026-02-14T19:18:46.810Z,2026-02-27T18:26:33.498Z,188,197,6500.00,90,0,20.00,112,88,90.00,90.00,0,0,77428,0,285,300,333,0,0,0,0,0,,,,,,,BK1040
111,2026-02-14,Ake,full,100000,90705,349,1400000,1259420,4023,44032,167,18826,63,20176,8792,2406,887,5,12,39,1,7,2.01,239,68.48,14,4.01,1754.1,0,0,0,12466.42,0,417.28,0,7.06,88.00,3.97,2026-02-15,"Phongsathon: OFF
Nuttarika: 11:00-20:00
Boonyisa: 07:00-16:00
Chanon: 19:00-04:00
Washiraphan: 22:00-07:00","07:00-16:00 | Winnie
09:00-18:00 | Thep
11:00-20:00 | Net
13:00-22:00 | Tan Aye
14:00-23:00 | Typoon
22:00-07:00 | Bank Leo",2026-02-14T19:08:40.254Z,2026-02-27T18:26:33.503Z,198,241,6400.00,83,5,25.00,108,88,88.00,88.00,0,0,91360,0,307,300,333,0,0,0,0,0,,,,,,,BK1040
121,2026-02-15,Ake,full,100000,99057,327,1500000,1358477,4350,39383,140,17327,66,30723,7578,1602,2297,5,12,0,0,4,1.22,268,81.96,12,3.67,1454.9499999999998,0,0,0,13629.130000000001,0,563.40,0,6.41,87.00,3.76,2026-02-16,"Phongsathon: 07:00-16:00
Nuttarika: 11:00-20:00
Boonyisa: OFF
Chanon: 19:00-04:00
Washiraphan: 22:00-07:00","07:00-16:00 | Pitak / Phusanisa
13:00-22:00 | Thepthakun / Adisorn
16:00-21:00 | Suttida
22:00-07:00 | Arthit",2026-02-15T18:19:05.236Z,2026-02-27T18:26:33.508Z,185,185,6350.00,83,4,29.00,114,88,87.00,87.00,0,0,82422,0,304,300,333,0,0,0,0,0,,,,,,,BK1040
122,2026-02-16,Ake,full,100000,74621,284,1600000,1433098,4634,32919,133,18225,68,0,0,0,0,0,0,0,0,0,0.00,0,0.00,0,0.00,1840.62,0,0,0,14994.19,0,801.18,0,10.59,118.00,2.41,2026-02-04,,,2026-02-15T19:09:37.745Z,2026-02-27T18:26:33.512Z,0,0,7900.00,114,4,33.00,111,88,118.00,118.00,0,0,106442,0,352,300,333,0,0,0,0,0,,,,,,,BK1040
123,2026-02-17,Ake,full,100000,86748,278,1700000,1519846,4912,37011,116,15565,67,21750,8104,2459,1292,5,12,179,1,5,1.80,204,73.38,19,6.83,1338.79,0,0,0,16050.02,0,942.66,0,8.62,109.50,2.54,2026-02-18,"Phongsathon: 07:00-16:00
Nuttarika: 09:00-18:00
Boonyisa: 13:00-22:00
Chanon: 22:00-07:00
Washiraphan: OFF","07:00-16:00 | Thep
10:00-19:00 | Sarawut
14:00-22:00 | Yanisa, Pimlaphat, Waratchaya
15:00-21:00 | สุทธิดา
22:00-07:00 | Kanapat, Yossanan, Ingfar",2026-02-17T17:49:17.929Z,2026-02-27T18:26:33.517Z,201,211,7475.00,104.5,5,38.00,111,88,109.50,109.50,0,0,83691,0,330,300,333,0,0,0,0,0,,,,,,,BK1040
172,2026-03-12,Ake,full,95000,72228,264,1140000,1059107,3619,31212,0,11706,0,21658,3304,1623,2435,5,0,0,0,0,0,0,0,0,0,0,0,0,0,6810.41,0,244.16,0,13.53,71.00,3.72,2026-03-17,"Phongsathon: COM
Nuttarika: 22:00-07:00
Boonyisa: 07:00-16:00
Chanon: Com
Washiraphan: 13:00-22:00","07:00-16:00 | Keng
09:00-18:00 | Thaipun
13:00-22:00 | Thep
17:00-22:00 | Tan
22:00-07:00 | Bank
22:00-07:00 | Sun",2026-03-17T12:18:53.740Z,2026-03-31T01:01:12.591Z,168,180,9775.00,71,1,35.00,0,88,71.00,71.00,0,0,0,0,0,0,0,0,0,0,0,0,,,,,,,BK1040
110,2026-02-12,Ake,full,100000,84858,280,1200000,1080726,3654,40020,128,14152,64,20850,7211,1945,1036,5,0,0,0,0,0.00,0,0.00,0,0.00,1022,0,0.00,0,9928,0,0.00,0,12.11,80.00,3.50,2026-02-04,"Phongsathon: 07:00-16:00
Nuttarika: 10:00-19:00
Boonyisa: 13:00-22:00
Chanon: OFF
Washiraphan: 22:00-07:00","22:00-07 | 00
06:00-14:00 | ธารารัตน์
07:00-16:00 | เทพฐากูร
10:00-19:00 | พิทักษ์
11:00-20:00 | สราวุธ
12:00-21:00 | อิงค์ฟ้า
13:00-22:00 | อดิศร
15:00-23:00 | ยศนันท์
15:00-23:00 | สุทธิดา
22:00-07:00 | อาทิตย์
22:00-07:00 | คณพัฒน์",2026-02-12T15:12:14.778Z,2026-02-27T18:26:33.494Z,181,198,10275.00,76,4,20.00,111,88,80.00,-8.00,0,0,91990,0,323,300,333,0,0,0,0,0,,,,,,,BK1040
126,2026-02-20,Ake,full,100000,90641,273,2000000,1804850,5791,49832,55,15599,17,19568,3759,763,764,5,0,0,0,0,0.00,0,0.00,0,0.00,622.46,0,0,0,17803.66,0,1212.13,0,7.23,91.00,3.00,2026-02-21,"Phongsathon: 07:00-16:00
Nuttarika: COM
Boonyisa: 09:00-18:00
Chanon: 15:00-00:00
Washiraphan: 22:00-07:00","07:00-16:00 | ฝุ่น
07:00-16:00 | หมีพูว์
07:00-16:00 | เทพ
07:00-16:00 | กีต้าร์
13:00-22:00 | อาย
13:00-22:00 | อิงฟ้า
13:00-22:00 | เน็ท
13:00-22:00 | แทน
13:00-22:00 | ดิว
12:00-21:00 | อ๋อม
22:00-07:00 | แบงค์
22:00-07:00 | เก้ง",2026-02-20T05:10:44.438Z,2026-02-27T18:26:33.529Z,220,208,6550.00,88,3,41.00,112,88,91.00,91.00,0,0,79784,0,283,300,333,0,0,0,0,0,,,,,,,BK1040
137,2026-02-23,Ake,full,100000,85611,290,2300000,2111312,6799,45716.82,144,14389.36,55,18566,5358,1031,532,05,12,0,0,3,1.03,202,69.66,10,3.45,1109.91,0,0,0,20877.890000000003,0,2020.60,0,7.53,89.00,3.26,2026-02-24,"Phongsathon: OFF
Nuttarika: 07:00-16:00
Boonyisa: 13:00-22:00
Chanon: OFF
Washiraphan: 22:00-07:00","06:00-14:00 | ไพศิษฐ์
07:00-16:00 | เทพฐากูร, อิงค์ฟ้า
13:00-22:00 | กฤษฎา, สราวุธ
16:00-22:00 | สุทธิดา
17:00-22:00 | ธารารัตน์
22:00-07:00 | อาทิตย์, พงศ์พัทธ์",2026-02-21T18:52:13.247Z,2026-02-27T18:26:33.542Z,206,209,6450.00,80,9,50.00,116,88,89.00,9.00,0,0,94601,0,337,300,333,0,0,0,0,0,,,,,,,BK1040
136,2026-02-22,Ake,full,100000,125418,406,2200000,2025701,6509,65851.01,183,17382.15,71,32931,7132,1088,169,5,12,69,1,9,2.22,323,79.56,23,5.67,2450.2799999999997,0,0,0,20043.800000000003,0,1882.69,0,6.46,122.00,3.33,2026-02-22,"Phongsathon: 07:00-16:00
Nuttarika: COM
Boonyisa: 10:00-19:00
Chanon: 15:00-00:00
Washiraphan: 22:00-07:00","07:00-16:00 | พิทักษ์
CUSTOM | ไพศิษฐ์
09:00-18:00 | เทพฐากูร, อิงค์ฟ้า
10:00-19:00 | เอธัส
13:00-22:00 | กฤษฎา, สราวุธ, อดิศร
22:00-07:00 | อาทิตย์, พงศ์พัทธ์, คณพัฒน์",2026-02-21T18:52:13.236Z,2026-02-27T18:26:33.538Z,200,209,8100.00,122,0,41.00,116,88,122.00,42.00,706,0,80110,0,304,300,333,0,0,0,0,0,,,,,,,BK1040
139,2026-02-25,Ake,full,100000,81936,309,2600000,2359976,7716,41155,50,11041,13,22282,5693,1750,0,5,29,0,0,0,0.00,0,0.00,0,0.00,1049.11,0,0,0,27914.68,0,0.00,0,11.87,69.00,4.48,2026-02-26,"Phongsathon: OFF
Nuttarika: 07:00-16:00
Boonyisa: OFF
Chanon: 22:00-07:00
Washiraphan: 15:00-00:00","07:00-16:00 | เอ็ม
07:00-16:00 | เน็ท
13:00-22:00 | ดิว
13:00-22:00 | เจน
16:00-22:00 | อ๋อม
22:00-07:00 | เก๊ง
22:00-07:00 | ซัน",2026-02-21T18:52:13.264Z,2026-02-27T18:26:33.550Z,154,200,9725.00,69,0,50.00,110,88,69.00,-19.00,0,0,92386,0,322,300,333,0,0,0,0,0,,,,,,,BK1040
177,2026-03-19,Ake,full,95000,93795,329,1805000,1632375,5684,41583,0,18645,0,25118,6489,1330,363,0,0,0,0,8,2.43,214,65.05,255,77.51,922.55,0,394.02,0,16390.149999999998,0,822.61,0,9.76,0,5.72,,,,2026-03-19T18:34:50.035Z,2026-03-31T01:01:12.641Z,0,0,9150.00,57,0.5,51.50,113,88,57.50,-30.50,0,0,0,0,0,0,0,0,0,0,0,0,,,,,,,BK1040
144,2026-02-27,Ake,full,100000,101143,309,2700000,2461119,8305,31999,32,15244,15,27983,6601,796,0,5,75,0,0,7,2.27,198,64.08,16,5.18,668.94,0,0.00,0,29605.62,0,0.00,0,9.69,70.50,4.38,2026-02-28,,,2026-02-26T22:04:29.018Z,2026-02-28T20:54:19.763Z,165,200,9800.00,61,9.5,62.50,110,88,70.50,-17.50,0,199,0,0,0,300,333,0,0,0,0,0,,,,,,,BK1040
178,2026-03-20,Ake,full,95000,87425,286,1900000,1719800,5970,46777,0,10440,0,22971,5581,937,730,0,0,0,0,0,0.00,0,0.00,0,0.00,0,0,0.00,0,16390.149999999998,0,822.61,0,10.18,53.48,5.35,,,,2026-03-20T23:55:16.075Z,2026-03-31T01:01:12.647Z,0,0,8899.00,46.48,7,58.50,111,88,53.48,-34.52,0,0,0,0,0,0,0,0,0,0,0,0,,,,,,,BK1040
179,2026-03-21,Ake,full,95000,101843,309,1995000,1821643,6279,44316,0,16807,0,32804,4940,1542,1461,0,0,0,0,8,2.59,275,89.00,19,6.15,0,0,0.00,0,16390.149999999998,0,822.61,0,9.35,0.00,4.68,,,,2026-03-21T17:00:01.883Z,2026-03-31T01:01:12.652Z,0,0,6225.00,56,10,68.50,120,88,66.00,-22.00,0,0,0,0,0,0,0,0,0,0,0,0,,,,,,,BK1040
180,2026-03-22,Ake,full,95000,88187,309,2090000,1939700,6613,34810,0,17071,0,28289,5648,1423,948,5,0,0,0,8,2.59,275,89.00,19,6.15,0,0,0.00,0,16390.149999999998,0,822.61,0,11.88,83.00,3.72,,"Phongsathon: COM
Nuttarika: COM
Boonyisa: 07:00-16:00
Chanon: 13:00-22:00
Washiraphan: 22:00-07:00","07:00-16 | 00
13:00-22 | 00
22:00-07 | 00
07:00-16:00 | Meepooh
08:00-17:00 | Taifoon
13:00-22:00 | Thep
22:00-07:00 | Sun",2026-03-22T15:23:57.377Z,2026-03-31T01:01:12.665Z,194,187,10475.00,79,4,72.50,109,88,83.00,-5.00,0,0,0,0,0,0,0,2,0,0,0,0,,,,,,,BK1040
184,2026-03-26,Ake,full,95000,85419,301,2850000,2160266,7467,37957,0,16983,0,23317,4821,1979,139,0,0,0,0,4,1.37,209,71.58,11,3.77,854.04,0,127.00,0,18296.149999999998,0,1076.61,0,12.82,0,3.12,2026-03-25,,,2026-03-30T21:33:22.895Z,2026-03-31T01:01:12.686Z,0,0,10900.00,103,3,111.00,108,88,93.50,5.50,0,0,0,2270654,0,0,283,0,0,0,0,0,,,,,,,BK1040
149,2026-03-01,Ake,full,104000,102408,341,104000,92475,282,36014,108,17416,58,30640,6341,2055,595,5,21,15,1,4,1.17,283,82.99,14,4.11,917.36,0.579,161.98,0,748.12,0,161.98,0,9.02,73.00,4.87,2026-03-07,,,2026-02-28T23:14:46.874Z,2026-03-31T01:01:12.507Z,143,183,9240,70,0,2.00,110,88,70,-15.00,0,704,0,0,0,400,300,2,24590,0,0,0,,,,,,,BK1040
234,2026-04-22,Ake,full,0,0,0,0,0,0,0,0,0,0,0,0,0,0,0,0,0,0,0,0,0,0,0,0,0,0,0,0,0,0,0,0,0,0,0,,,,2026-04-02T21:48:13.203Z,2026-04-17T18:17:21.742Z,0,0,0,0,0,0,0,0,0,0,0,0,83653,83653,0,0,0,0,0,0,0,0,,,,,,,BK1040
221,2026-04-02,Ake,full,95000,86731,281,190000,164676,527,39574,130,16034,64,22323,7468,1005,327,5,0,446,4,10,3.56,212,75.44,13,4.63,2565.96,0,223.46,0,1368.83,0,315.37,0,11.36,69.50,4.04,2026-04-02,"Phongsathon: 07:00-16:00
Nuttarika: 13:00-22:00
Suppawit: COM
Boonyisa: 10:00-19:00
Chanon: OFF 27/03/2026
Washiraphan: 22:00-07:00","07:00-16:00 | Jane
07:00-16:00 | Winnie
10:00-19:00 | C
11:00-20:00 | Mah
12:00-21:00 | Nene
12:00-21:00 | Max
13:00-22:00 | Gang
13:00-22:00 | Thep
13:00-22:00 | Bew
22:00-07:00 | Leo
22:00-07:00 | Tan",2026-04-02T17:52:59.299Z,2026-04-17T18:17:21.602Z,3.00,3.17,9850.00,63,6.5,16.50,110,88,69.50,-18.50,0,0,66417,66417,0,0,0,3,0,31123,0,0,,,,,,,BK1040
244,2026-04-06,Ake,full,95000,69733,265,570000,499311,1723,27878,97,12517,59,23663,1883,2255,1471,5,0,0,0,2,0.75,205,77.36,8,3.02,2018,0,113.00,0,5694.57,0,745.37,0,15.09,83.00,3.19,2026-04-07,"Phongsathon: 07:00-16:00
Nuttarika: OFF
Suppawit: 16:00-01:00
Boonyisa: 09:00-18:00
Chanon: 19:00-04:00
Washiraphan: 22:00-07:00","07:00-16:00 | Meehpooh, Moon
10:00-19:00 | C
12:00-21:00 | Nene, Mac
13:00-22:00 | Thep
19:00-04:00 | Tan
22:00-07:00 | Sun, Keng",2026-04-02T21:48:13.213Z,2026-04-17T18:17:21.641Z,169,178,10525.00,83,0,16.50,110,88,83.00,-5.00,0,0,85939,85939,0,0,0,3,0,29272,0,0,,,,,,,BK1040
246,2026-04-07,Ake,full,95000,72618,255,665000,571929,1978,327189,100,13227,60,21172,3779,818,904,5,0,0,0,15,5.88,190,74.51,7,2.75,1517,0,144.00,0,6347.57,0,889.37,0,12.63,56.00,4.55,2026-04-08,"Phongsathon: 07:00-16:00
Nuttarika: OFF
Suppawit: 16:00-01:00
Boonyisa: 10:00-19:00
Chanon: 19:00-04:00
Washiraphan: 22:00-07:00","07:00-16:00 | Jane, Meehpooh
13:00-22:00 | Thep, C
15:00-00:00 | Tan
22:00-07:00 | Sun, Keng",2026-04-02T21:48:13.215Z,2026-04-17T18:17:21.649Z,191,180,9175.00,56,0,16.50,111,88,56.00,-32.00,0,0,81209,81209,0,0,0,3,0,26673,0,0,,,,,,,BK1040
235,2026-04-08,Ake,full,95000,83113,291,760000,655042,2269,33024,108,12813,56,24714,8969,1214,855,5,0,0,0,0,0.00,0,0.00,0,0.00,0,0,0.00,0,6347.57,0,889.37,0,10.86,54.00,5.39,2026-04-08,,,2026-04-02T21:48:13.205Z,2026-04-17T18:17:21.656Z,186,180,9025.00,54,0,16.50,110,88,54.00,-34.00,0,0,67228,67228,0,0,0,2,0,35752,0,0,,,,,,,BK1040
248,2026-04-10,Ake,full,95000,94497,283,950000,819018,2794,32569,100,16298,66,26095,4696,724,2056,5,13,0,0,7,2.47,226,79.86,50,17.67,1274.0999999999997,0,61.08,0,7089.210000000001,0,1148.07,0,9.58,54.50,5.19,2026-04-11,"Phongsathon: 07:00-16:00
Nuttarika: 09:00-18:00
Suppawit: OFF
Boonyisa: 13:00-22:00
Chanon: 22:00-07:00
Washiraphan: 15:00-00:00","07:00-16:00 | Jan Phuh
10:00-19:00 | Tawan
11:00-20:00 | Moon
13:00-22:00 | Soup Tan
18:00-02:00 | Typoon
22:00-07:00 | Thep Geng",2026-04-02T21:48:13.216Z,2026-04-17T18:17:21.677Z,165,174,9050.00,48,6.5,22.50,112,88,54.50,-33.50,0,199,66534,66534,0,0,0,2,0,33770,0,0,,,,,,,BK1040
223,2026-04-12,Ake,full,95000,98973,306,1140000,916617,3115,34811,97,22940,80,28582,8234,1826,825,5,13,0,0,5,1.63,260,84.97,43,14.05,1407,0,305,0,12483.75,0,1323.75,0,12.55,120.00,2.55,2026-04-12,"Phongsathon: 07:00-16:00
Nuttarika: 10:00-19:00
Suppawit: 22:00-07:00
Boonyisa: 08:00-17:00
Chanon: 13:00-22:00
Washiraphan: 16:00-01:00","07:00-16:00 | Jane, Meehpooh
09:00-18:00 | Peepo
10:00-19:00 | Typoon
13:00-22:00 | Tan, Tawa,, Soup
14:00-23:00 | Moon
15:00-00:00 | Nan
22:00-07:00 | Sun, Ma, Keng",2026-04-02T21:48:13.190Z,2026-04-17T18:17:21.689Z,186,175,12425.00,120,0,30.00,112,80,120.00,40.00,0,775,96973,96973,0,0,0,4,28733,40242,0,0,,,,,,,BK1040
224,2026-04-13,Ake,full,95000,98032,328,1235000,1113622,3749,37988,123,18044,67,27684,9976,1594,935,5,13,308,1,17,5.18,276,84.15,44,13.41,890,0,125.00,0,13490.75,0,1753.75,0,12.52,118.00,2.78,,"Phongsathon: 07:00-16:00
Nuttarika: 11:00-20:00
Suppawit: 07:00-16:00
Boonyisa: 15:00-00:00
Chanon: 22:00-07:00
Washiraphan: 13:00-22:00","07:00-16:00 | Jane, Meehoooh
12:00-21:00 | Max, AuntNa
13:00-22:00 | Typoon, Moon, Soup
15:00-00:00 | Tan
22:00-07:00 | Sun, Ma, Keng, Thep",2026-04-02T21:48:13.194Z,2026-04-17T18:17:21.695Z,198,177,12275.00,118,0,30.00,111,78,118.00,40.00,0,1328,91298,91298,0,0,0,3,29919,41517,0,0,,,,,,,BK1040
227,2026-04-17,Ake,full,95000,69319,257,1615000,1480980,4909,32674,111,10832,57,17834,5839,1853,737,5,13,0,0,5,1.95,185,71.98,36,14.01,956.0600000000001,0,213.09,0,21537.16,0,2354.28,0,16.84,105.00,2.45,2026-04-18,"Phongsathon: OFF
Nuttarika: 07:00-16:00
Suppawit: 13:00-22:00
Boonyisa: 10:00-19:00
Chanon: 22:00-07:00
Washiraphan: 16:00-01:00","06:00-15:00 | Na
07:00-16:00 | Jane , Meepooh
10:00-19:00 | Flame
12:00-21:00 | Nut
13:00-22:00 | Typoon , Moon , Soup
15:00-00:00 | Tan
22:00-07:00 | Thep , Gang , Mah , Leo",2026-04-02T21:48:13.198Z,2026-04-17T18:30:49.904Z,210,188,11675.00,104,1,31.00,112,88,105.00,17.00,0,0,92429,92429,0,0,0,4,0,26263,0,0,,,,,,,BK1040
247,2026-04-04,Ake,full,95000,94531,331,380000,246110,821,37286,129,19090,71,29715,5296,3037,0,5,0,0,0,9,2.72,259,78.25,21,6.34,2936,0,261,0,1368.83,0,315.37,0,10.13,64.00,5.17,2026-04-04,"Phongsathon: 07:00-16:00
Nuttarika: 12:00-21:00
Suppawit: 16:00-01:00
Boonyisa: 10:00-19:00
Chanon: COM
Washiraphan: 22:00-07:00","07:00-16:00 | Jane, Meehpooh
13:00-22:00 | Thep, Moon
22:00-07:00 | Keng, Tan",2026-04-02T21:48:13.214Z,2026-04-17T18:17:21.626Z,174,178,9575.00,64,0,16.50,110,56,64.00,8.00,0,0,85411,85411,0,0,0,3,0,38048,0,0,,,,,,,BK1040
249,2026-04-05,Ake,full,95000,88937,306,475000,429578,1458,34299,102,18924,76,27020,4941,2096,418,5,0,257,2,14,4.58,245,80.07,20,6.54,1321,0,56.00,0,4354.57,0,632.37,0,10.15,54.00,5.67,2026-04-06,"Phongsathon: 07:00-16:00
Nuttarika: 09:00-18:00
Suppawit: 16:00-01:00
Boonyisa: 11:00-20:00
Chanon: 15:00-00:00
Washiraphan: 22:00-07:00",,2026-04-02T21:48:13.254Z,2026-04-17T18:17:21.635Z,183,179,9025.00,54,0,16.50,110,88,54.00,-34.00,498,259,85326,85326,0,0,0,2,0,35232,0,0,,,,,,,BK1040
239,2026-04-29,Ake,full,0,0,0,0,0,0,0,0,0,0,0,0,0,0,0,0,0,0,0,0,0,0,0,0,0,0,0,0,0,0,0,0,0,0,0,,,,2026-04-02T21:48:13.209Z,2026-04-17T18:17:21.789Z,0,0,0,0,0,0,0,0,0,0,0,0,83023,83023,0,0,0,0,0,0,0,0,,,,,,,BK1040
245,2026-04-30,Ake,full,0,0,0,0,0,0,0,0,0,0,0,0,0,0,0,0,0,0,0,0,0,0,0,0,0,0,0,0,0,0,0,0,0,0,0,,,,2026-04-02T21:48:13.214Z,2026-04-17T18:17:21.794Z,0,0,0,0,0,0,0,0,0,0,0,0,98658,98658,0,0,0,0,0,0,0,0,,,,,,,BK1040
243,2026-04-09,Ake,full,95000,69479,242,855000,724521,2511,33531,109,11102,53,18710,4706,2028,169,5,0,318,1,3,1.24,197,81.40,12,4.96,2293.84,0,258.70,0,7089.210000000001,0,1148.07,0,14.07,68.00,3.56,2026-04-10,"Phongsathon: OFF
Nuttarika: 07:00-16:00
Suppawit: 16:00-01:00
Boonyisa: OFF
Chanon: 22:00-07:00
Washiraphan: 12:00-21:00","07:00-16:00 | Jane
07:00-16:00 | Winnie
13:00-22:00 | Moon
13:00-22:00 | c
13:00-22:00 | Typoon
22:00-07:00 | Sun",2026-04-02T21:48:13.212Z,2026-04-17T18:17:21.662Z,181,194,9775.00,62,6,22.50,116,88,68.00,-20.00,0,318,71444,71444,0,0,0,3,0,25931,0,0,,ช่ิองนี้คำนวลออโต้,,,,,BK1040
232,2026-04-23,Ake,full,0,0,0,0,0,0,0,0,0,0,0,0,0,0,0,0,0,0,0,0,0,0,0,0,0,0,0,0,0,0,0,0,0,0,0,,,,2026-04-02T21:48:13.204Z,2026-04-17T18:17:21.748Z,0,0,0,0,0,0,0,0,0,0,0,0,70744,70744,0,0,0,0,0,0,0,0,,,,,,,BK1040
236,2026-04-24,Ake,full,0,0,0,0,0,0,0,0,0,0,0,0,0,0,0,0,0,0,0,0,0,0,0,0,0,0,0,0,0,0,0,0,0,0,0,,,,2026-04-02T21:48:13.207Z,2026-04-17T18:17:21.753Z,0,0,0,0,0,0,0,0,0,0,0,0,100706,100706,0,0,0,0,0,0,0,0,,,,,,,BK1040
237,2026-04-25,Ake,full,0,0,0,0,0,0,0,0,0,0,0,0,0,0,0,0,0,0,0,0,0,0,0,0,0,0,0,0,0,0,0,0,0,0,0,,,,2026-04-02T21:48:13.207Z,2026-04-17T18:17:21.758Z,0,0,0,0,0,0,0,0,0,0,0,0,114843,114843,0,0,0,0,0,0,0,0,,,,,,,BK1040
241,2026-04-27,Ake,full,0,0,0,0,0,0,0,0,0,0,0,0,0,0,0,0,0,0,0,0,0,0,0,0,0,0,0,0,0,0,0,0,0,0,0,,,,2026-04-02T21:48:13.211Z,2026-04-17T18:17:21.770Z,0,0,0,0,0,0,0,0,0,0,0,0,100208,100208,0,0,0,0,0,0,0,0,,,,,,,BK1040
240,2026-04-28,Ake,full,0,0,0,0,0,0,0,0,0,0,0,0,0,0,0,0,0,0,0,0,0,0,0,0,0,0,0,0,0,0,0,0,0,0,0,,,,2026-04-02T21:48:13.209Z,2026-04-17T18:17:21.775Z,0,0,0,0,0,0,0,0,0,0,0,0,99156,99156,0,0,0,0,0,0,0,0,,,,,,,BK1040
